--
-- PostgreSQL database dump
--

-- Dumped from database version 14.2
-- Dumped by pg_dump version 14.2

SET statement_timeout = 0;
SET lock_timeout = 0;
SET idle_in_transaction_session_timeout = 0;
SET client_encoding = 'UTF8';
SET standard_conforming_strings = on;
SELECT pg_catalog.set_config('search_path', '', false);
SET check_function_bodies = false;
SET xmloption = content;
SET client_min_messages = warning;
SET row_security = off;

SET default_tablespace = '';

SET default_table_access_method = heap;

--
-- Name: artists; Type: TABLE; Schema: public; Owner: postgres
--

CREATE TABLE public.artists (
    id integer NOT NULL,
    artist_id integer NOT NULL,
    bio text,
    youtube_link character varying,
    spotify_link character varying,
    instagram_link character varying,
    created_at timestamp without time zone DEFAULT CURRENT_TIMESTAMP,
    tags text[],
    instrument text
);


ALTER TABLE public.artists OWNER TO postgres;

--
-- Name: artists_id_seq; Type: SEQUENCE; Schema: public; Owner: postgres
--

CREATE SEQUENCE public.artists_id_seq
    AS integer
    START WITH 1
    INCREMENT BY 1
    NO MINVALUE
    NO MAXVALUE
    CACHE 1;


ALTER TABLE public.artists_id_seq OWNER TO postgres;

--
-- Name: artists_id_seq; Type: SEQUENCE OWNED BY; Schema: public; Owner: postgres
--

ALTER SEQUENCE public.artists_id_seq OWNED BY public.artists.id;


--
-- Name: favorites; Type: TABLE; Schema: public; Owner: postgres
--

CREATE TABLE public.favorites (
    id integer NOT NULL,
    sender_id integer NOT NULL,
    artist integer NOT NULL,
    is_favorite boolean
);


ALTER TABLE public.favorites OWNER TO postgres;

--
-- Name: favorites_id_seq; Type: SEQUENCE; Schema: public; Owner: postgres
--

CREATE SEQUENCE public.favorites_id_seq
    AS integer
    START WITH 1
    INCREMENT BY 1
    NO MINVALUE
    NO MAXVALUE
    CACHE 1;


ALTER TABLE public.favorites_id_seq OWNER TO postgres;

--
-- Name: favorites_id_seq; Type: SEQUENCE OWNED BY; Schema: public; Owner: postgres
--

ALTER SEQUENCE public.favorites_id_seq OWNED BY public.favorites.id;


--
-- Name: gencodes; Type: TABLE; Schema: public; Owner: postgres
--

CREATE TABLE public.gencodes (
    id integer NOT NULL,
    email character varying(50) NOT NULL,
    code character varying(6) NOT NULL,
    created_at timestamp without time zone DEFAULT CURRENT_TIMESTAMP
);


ALTER TABLE public.gencodes OWNER TO postgres;

--
-- Name: gencodes_id_seq; Type: SEQUENCE; Schema: public; Owner: postgres
--

CREATE SEQUENCE public.gencodes_id_seq
    AS integer
    START WITH 1
    INCREMENT BY 1
    NO MINVALUE
    NO MAXVALUE
    CACHE 1;


ALTER TABLE public.gencodes_id_seq OWNER TO postgres;

--
-- Name: gencodes_id_seq; Type: SEQUENCE OWNED BY; Schema: public; Owner: postgres
--

ALTER SEQUENCE public.gencodes_id_seq OWNED BY public.gencodes.id;


--
-- Name: messages; Type: TABLE; Schema: public; Owner: postgres
--

CREATE TABLE public.messages (
    id integer NOT NULL,
    artist integer NOT NULL,
    sender_id integer NOT NULL,
    recipient_id integer NOT NULL,
    text text,
    created_at timestamp without time zone DEFAULT CURRENT_TIMESTAMP,
    is_read boolean
);


ALTER TABLE public.messages OWNER TO postgres;

--
-- Name: messages_id_seq; Type: SEQUENCE; Schema: public; Owner: postgres
--

CREATE SEQUENCE public.messages_id_seq
    AS integer
    START WITH 1
    INCREMENT BY 1
    NO MINVALUE
    NO MAXVALUE
    CACHE 1;


ALTER TABLE public.messages_id_seq OWNER TO postgres;

--
-- Name: messages_id_seq; Type: SEQUENCE OWNED BY; Schema: public; Owner: postgres
--

ALTER SEQUENCE public.messages_id_seq OWNED BY public.messages.id;


--
-- Name: rating; Type: TABLE; Schema: public; Owner: postgres
--

CREATE TABLE public.rating (
    id integer NOT NULL,
    rater_id integer NOT NULL,
    artist integer NOT NULL,
    comments text,
    rating integer
);


ALTER TABLE public.rating OWNER TO postgres;

--
-- Name: rating_id_seq; Type: SEQUENCE; Schema: public; Owner: postgres
--

CREATE SEQUENCE public.rating_id_seq
    AS integer
    START WITH 1
    INCREMENT BY 1
    NO MINVALUE
    NO MAXVALUE
    CACHE 1;


ALTER TABLE public.rating_id_seq OWNER TO postgres;

--
-- Name: rating_id_seq; Type: SEQUENCE OWNED BY; Schema: public; Owner: postgres
--

ALTER SEQUENCE public.rating_id_seq OWNED BY public.rating.id;


--
-- Name: ratings; Type: TABLE; Schema: public; Owner: postgres
--

CREATE TABLE public.ratings (
    id integer NOT NULL,
    rater_id integer NOT NULL,
    artist integer NOT NULL,
    comments text,
    rating integer
);


ALTER TABLE public.ratings OWNER TO postgres;

--
-- Name: ratings_id_seq; Type: SEQUENCE; Schema: public; Owner: postgres
--

CREATE SEQUENCE public.ratings_id_seq
    AS integer
    START WITH 1
    INCREMENT BY 1
    NO MINVALUE
    NO MAXVALUE
    CACHE 1;


ALTER TABLE public.ratings_id_seq OWNER TO postgres;

--
-- Name: ratings_id_seq; Type: SEQUENCE OWNED BY; Schema: public; Owner: postgres
--

ALTER SEQUENCE public.ratings_id_seq OWNED BY public.ratings.id;


--
-- Name: tags; Type: TABLE; Schema: public; Owner: postgres
--

CREATE TABLE public.tags (
    id integer NOT NULL,
    artist_id integer NOT NULL,
    tag text
);


ALTER TABLE public.tags OWNER TO postgres;

--
-- Name: tags_id_seq; Type: SEQUENCE; Schema: public; Owner: postgres
--

CREATE SEQUENCE public.tags_id_seq
    AS integer
    START WITH 1
    INCREMENT BY 1
    NO MINVALUE
    NO MAXVALUE
    CACHE 1;


ALTER TABLE public.tags_id_seq OWNER TO postgres;

--
-- Name: tags_id_seq; Type: SEQUENCE OWNED BY; Schema: public; Owner: postgres
--

ALTER SEQUENCE public.tags_id_seq OWNED BY public.tags.id;


--
-- Name: users; Type: TABLE; Schema: public; Owner: postgres
--

CREATE TABLE public.users (
    id integer NOT NULL,
    first character varying NOT NULL,
    last character varying NOT NULL,
    email character varying(50) NOT NULL,
    profile_picture_url character varying,
    password_hash character varying NOT NULL,
    created_at timestamp without time zone DEFAULT CURRENT_TIMESTAMP,
    CONSTRAINT users_first_check CHECK (((first)::text <> ''::text)),
    CONSTRAINT users_last_check CHECK (((last)::text <> ''::text))
);


ALTER TABLE public.users OWNER TO postgres;

--
-- Name: users_id_seq; Type: SEQUENCE; Schema: public; Owner: postgres
--

CREATE SEQUENCE public.users_id_seq
    AS integer
    START WITH 1
    INCREMENT BY 1
    NO MINVALUE
    NO MAXVALUE
    CACHE 1;


ALTER TABLE public.users_id_seq OWNER TO postgres;

--
-- Name: users_id_seq; Type: SEQUENCE OWNED BY; Schema: public; Owner: postgres
--

ALTER SEQUENCE public.users_id_seq OWNED BY public.users.id;


--
-- Name: artists id; Type: DEFAULT; Schema: public; Owner: postgres
--

ALTER TABLE ONLY public.artists ALTER COLUMN id SET DEFAULT nextval('public.artists_id_seq'::regclass);


--
-- Name: favorites id; Type: DEFAULT; Schema: public; Owner: postgres
--

ALTER TABLE ONLY public.favorites ALTER COLUMN id SET DEFAULT nextval('public.favorites_id_seq'::regclass);


--
-- Name: gencodes id; Type: DEFAULT; Schema: public; Owner: postgres
--

ALTER TABLE ONLY public.gencodes ALTER COLUMN id SET DEFAULT nextval('public.gencodes_id_seq'::regclass);


--
-- Name: messages id; Type: DEFAULT; Schema: public; Owner: postgres
--

ALTER TABLE ONLY public.messages ALTER COLUMN id SET DEFAULT nextval('public.messages_id_seq'::regclass);


--
-- Name: rating id; Type: DEFAULT; Schema: public; Owner: postgres
--

ALTER TABLE ONLY public.rating ALTER COLUMN id SET DEFAULT nextval('public.rating_id_seq'::regclass);


--
-- Name: ratings id; Type: DEFAULT; Schema: public; Owner: postgres
--

ALTER TABLE ONLY public.ratings ALTER COLUMN id SET DEFAULT nextval('public.ratings_id_seq'::regclass);


--
-- Name: tags id; Type: DEFAULT; Schema: public; Owner: postgres
--

ALTER TABLE ONLY public.tags ALTER COLUMN id SET DEFAULT nextval('public.tags_id_seq'::regclass);


--
-- Name: users id; Type: DEFAULT; Schema: public; Owner: postgres
--

ALTER TABLE ONLY public.users ALTER COLUMN id SET DEFAULT nextval('public.users_id_seq'::regclass);


--
-- Data for Name: artists; Type: TABLE DATA; Schema: public; Owner: postgres
--

COPY public.artists (id, artist_id, bio, youtube_link, spotify_link, instagram_link, created_at, tags, instrument) FROM stdin;
1	121	I am a guitar player from Berlin!!!	\N	\N	\N	2022-05-24 18:57:04.254306	{singer,jazz}	\N
3	115	jazz man yeah	\N	\N	\N	2022-05-27 11:48:33.448797	{drums,jazz}	\N
4	46	I love to sing	\N	\N	\N	2022-05-27 11:52:05.566379	\N	\N
8	96	i am awesome and experienced	\N	\N	\N	2022-05-27 12:14:02.848721	{bass,jazz}	\N
6	114	lendugo!!! Yes,  indeed	https://www.youtube.com/c/theneedledrop	https://open.spotify.com/artist/12zbUHbPHL5DGuJtiUfsip?si=Esh73RAzQXKue6apL__HeA	\N	2022-05-27 12:06:22.974677	{Pop,percussion,classical,singer}	\N
16	207	Yo I' m in Vegas right now... happy to collab with your projects	https://www.youtube.com/channel/UCVMSK1i_uksa4FrXZZqGYvw	https://open.spotify.com/artist/3jK9MiCrA42lLAdMGUZpwa?si=i9geyQgeQke-9qjQGX1ODw	\N	2022-06-01 16:30:38.06693	{drums,singer,RnB}	Drums
18	209	Bittersweet summer rain, I am born again!	https://www.youtube.com/watch?v=9HUV5a7MgS4	https://open.spotify.com/artist/2RP4pPHTXlQpDnO9LvR7Yt?si=5vqN6-q1RO6aPDCbCpAzWA	\N	2022-06-01 17:37:38.455747	{songwriter,SOul,singer}	Songwriter
13	204	I`m Pedro, I originally come from Argentina and played with a guy named Pat once. Was cool...	https://www.youtube.com/channel/UCPpcgPufocXQCaCYk796UVA	https://open.spotify.com/artist/2FFrhWZS9vJsh2UvxYPRr6?si=kgxrrZ0WQlWXEvkYVKQB9g	\N	2022-06-01 13:54:00.352272	{bass,jazz,Latin,Rock}	Bass
17	208	I have emotional motion sickness, somebody roll the windows down	https://www.youtube.com/channel/UCh4PO1W9tVmHujIPZnfK8TQ	https://open.spotify.com/artist/1r1uxoy19fzMxunt3ONAkG?si=sq4SHt5yS6iRpgVpwam7Ug	\N	2022-06-01 16:50:01.650943	{singer,indie,songwriter}	Songwriter, singer
15	206	Growing up in Atlanta I always knew that music was going to be my thing. Can't wait to connect!	https://www.youtube.com/channel/UCQr1Q3uFt1K7KhMkDxa9q2w	https://open.spotify.com/artist/3qnGvpP8Yth1AqSBMqON5x?si=SvvHmLqCTri0kvR3eF32vQ	\N	2022-06-01 16:16:14.96839	{SOul,singer,Guitar}	Singer, song-writer
19	210	Ich stehe gerne zur Verfügung	https://www.youtube.com/channel/UC6MDYpX4QQ-xIhLdWOyNJwg	https://open.spotify.com/artist/5vP3nmsaGrondXXS5BvrSH?si=Gr0OQWNBSOiVGBym_bFRng	\N	2022-06-01 18:00:04.261953	{singer,SOul}	Singer
20	211	Hey! I'm living in Brooklyn, happy to sing some tunes with you or collab in your song writing	https://www.youtube.com/c/SolLiebeskind	https://open.spotify.com/artist/3jkAZ9R5l8hZdU28smcEIy?si=PjuYS2G_RFC8Ayav875tfw	\N	2022-06-01 18:09:58.713211	{singer,SOul,songwriter}	Singer
11	202	I am passionate about guitar since I was 10 years old	\N	\N	\N	2022-05-31 14:45:35.339674	{Guitar,Latin}	Guitar
10	13	Hey I am quentin!!!!	\N	\N	\N	2022-05-27 12:20:03.22629	{classical}	Violin
9	93	yo tambien soy awesome	\N	\N	\N	2022-05-27 12:17:53.731083	{percussion,classical}	Percussion
12	203	Some experience in the field of music, specially piano and stuff!	https://www.youtube.com/watch?v=AyLQGDIrGcI	https://open.spotify.com/artist/0F3Aew9DSd6fb6192K1K0Y?si=hBo9qun4SOuwXsA5x5Y9lA	\N	2022-06-01 13:19:25.700057	{classical,jazz,piano}	Piano
14	205	Hey, C. here. I played in a band throughout the 90s and 00s. Write me if you want someone for your percussion set!!	https://open.spotify.com/artist/2TI7qyDE0QfyOlnbtfDo7L?si=Vt0QCSIfTTGtidJ2iEYo1Q	https://www.youtube.com/channel/UCQv0bxIpI_K0zmmCBTOttAQ	\N	2022-06-01 14:38:38.911447	{classical,Neopop,percussion,drums}	Drums
23	212	hey i am fabio i play guitar!		https://open.spotify.com/artist/0F3Aew9DSd6fb6192K1K0Y?si=hBo9qun4SOuwXsA5x5Y9lA	\N	2022-06-02 18:31:11.340148	{jazz,Guitar,Latin}	Guitar
\.


--
-- Data for Name: favorites; Type: TABLE DATA; Schema: public; Owner: postgres
--

COPY public.favorites (id, sender_id, artist, is_favorite) FROM stdin;
1	13	96	t
2	13	93	t
4	13	121	t
76	56	13	t
81	209	208	t
82	114	207	t
87	205	207	t
88	204	206	t
89	212	204	t
92	212	208	t
98	212	210	t
36	114	13	t
37	121	96	t
38	46	93	t
99	212	209	t
100	212	211	t
54	56	202	t
114	205	96	t
116	205	203	t
60	56	96	t
119	205	206	t
\.


--
-- Data for Name: gencodes; Type: TABLE DATA; Schema: public; Owner: postgres
--

COPY public.gencodes (id, email, code, created_at) FROM stdin;
\.


--
-- Data for Name: messages; Type: TABLE DATA; Schema: public; Owner: postgres
--

COPY public.messages (id, artist, sender_id, recipient_id, text, created_at, is_read) FROM stdin;
6	121	121	114	\N	2022-05-25 16:11:41.629474	t
7	121	121	114	\N	2022-05-25 16:11:44.935703	t
8	121	121	114	yes	2022-05-25 16:13:27.825693	t
21	121	121	114	LAla	2022-05-30 12:52:42.927399	t
32	121	121	46	yes	2022-05-30 13:53:39.538952	t
37	121	121	114	ef	2022-05-30 15:36:28.073758	t
38	121	121	114	lex	2022-05-30 15:36:55.11219	t
39	121	121	114	laaaaaa	2022-05-30 15:41:56.022751	t
40	121	121	114	la	2022-05-30 15:47:05.640696	t
41	121	121	114	salsa!	2022-05-30 17:21:21.881701	t
42	121	121	114	Yes!	2022-05-30 17:28:40.211212	t
43	121	121	114	volante	2022-05-30 17:30:00.409115	t
16	121	121	77	me too!	2022-05-26 17:53:13.811339	f
55	202	205	202	Hey, i wanna do something from brazil, help me out!	2022-06-01 19:02:52.911306	\N
58	204	205	204	Hey pedro! would love to collab!	2022-06-02 09:40:28.561853	t
17	96	13	96	Hi, I love what you do and with like to collab	2022-05-27 12:51:18.280369	t
18	13	13	96	Just holler if u availab	2022-05-27 12:51:55.25503	t
29	13	13	96	now!	2022-05-30 13:21:15.919288	t
45	13	13	96	not much	2022-05-30 18:59:52.42925	t
73	205	205	212	Not really	2022-06-16 19:28:15.559993	t
44	96	96	13	Sup you basterd!	2022-05-30 18:57:47.674855	t
30	96	96	13	stimmt!	2022-05-30 13:22:10.074572	t
48	114	114	121	llla	2022-05-31 11:15:40.933784	t
49	114	114	121	lalla	2022-05-31 11:17:44.699528	t
47	114	114	121	yuhuuuu	2022-05-31 11:14:28.036367	t
1	121	114	121	hi! wanna jam!	2022-05-25 09:15:01.679674	t
19	114	114	121	hola	2022-05-30 12:34:16.047109	t
20	114	114	121	juan	2022-05-30 12:40:52.300424	t
22	114	114	121	ROBERTO	2022-05-30 12:54:44.818112	t
23	114	114	121	ca	2022-05-30 12:55:56.40907	t
24	114	114	121	lala	2022-05-30 13:01:08.455218	t
25	114	114	121	ca	2022-05-30 13:04:26.507067	t
31	96	96	13	corcoro	2022-05-30 13:25:38.565759	t
46	96	96	13	duuuuuud	2022-05-30 19:00:25.366273	t
70	205	205	212	Sure, let's do it!	2022-06-16 12:33:32.08499	t
51	13	56	13	I would love to perfection my Beethoven Concerto	2022-06-01 11:29:44.141632	t
71	205	205	212	are you available on June?	2022-06-16 12:34:27.73619	t
4	121	121	56	\N	2022-05-25 16:08:46.380205	t
5	121	121	56	\N	2022-05-25 16:10:01.194984	t
56	202	211	202	Quiero hacer un album de boleros! tenes tiempo??	2022-06-02 09:05:35.137093	\N
26	114	114	121	la	2022-05-30 13:05:30.644154	t
27	114	114	121	ff	2022-05-30 13:11:41.59042	t
28	114	114	121	ef	2022-05-30 13:13:05.221029	t
33	114	114	121	tucan	2022-05-30 14:03:00.690187	t
34	114	114	121	er	2022-05-30 14:07:17.621693	t
35	114	114	121	as	2022-05-30 14:10:19.66861	t
36	114	114	121	dfdf	2022-05-30 14:13:49.082946	t
53	207	114	207	Hey anderson, love what you do! have some time in august? Cheers!	2022-06-01 18:02:36.306622	t
54	114	114	207	It can also be September!	2022-06-01 18:02:53.452628	t
59	204	204	205	Awesome!	2022-06-02 09:41:16.100642	t
57	207	211	207	Hey! I need a producer for my second album. How much would you charge?? ALl best to bruno!	2022-06-02 09:06:34.324761	t
63	211	211	207	And I can adjust to your times!	2022-06-02 12:34:36.207067	t
61	207	75	207	Hey! Are you free next year?	2022-06-02 12:26:59.857437	t
2	121	56	121	Let us music zusammen!	2022-05-25 09:20:14.60644	t
62	207	38	207	Hey! Wanna collab?	2022-06-02 12:29:18.373919	t
60	206	204	206	Leon!!!! What's up? need a bass player?	2022-06-02 11:34:02.915745	\N
64	211	211	207	So just tell me if you would be wiling	2022-06-02 12:35:05.76281	t
65	207	209	207	HEy!!! next album coming up next year, can you feature in a song or two?	2022-06-02 12:41:05.006087	t
10	121	77	121	love playing congas	2022-05-25 16:18:25.958615	t
11	121	77	121	and maracas	2022-05-25 16:52:44.979183	t
9	121	46	121	I play the banjo like a king	2022-05-25 16:15:09.860868	t
12	121	46	121	yup	2022-05-25 18:22:38.32359	t
13	121	46	121	totally!	2022-05-25 18:34:13.985107	t
14	121	46	121	lassss	2022-05-25 18:35:17.179295	t
15	121	46	121	efe	2022-05-25 18:35:52.720122	t
50	202	56	202	Hey! I would love to play with you some time!	2022-05-31 15:47:54.98779	t
52	205	209	205	Hey Carter! i was wondering if you can play on some songs that i did! are you free next month??	2022-06-01 16:54:22.887517	t
74	212	212	205	schade	2022-06-16 19:28:57.655877	t
66	205	212	205	hey i need drums!	2022-06-02 18:32:09.303777	t
67	212	212	205	please	2022-06-02 18:32:17.808692	t
68	212	212	205	hey, are we up for doing some music??	2022-06-07 12:54:29.551033	t
69	212	212	205	greetings from Rio!	2022-06-07 12:54:40.145688	t
72	212	212	205	Mmmmm, would it work for you in July?	2022-06-16 13:48:04.705607	t
\.


--
-- Data for Name: rating; Type: TABLE DATA; Schema: public; Owner: postgres
--

COPY public.rating (id, rater_id, artist, comments, rating) FROM stdin;
1	114	96	amazing musician	4
2	114	96	amazing musician	4
\.


--
-- Data for Name: ratings; Type: TABLE DATA; Schema: public; Owner: postgres
--

COPY public.ratings (id, rater_id, artist, comments, rating) FROM stdin;
1	114	96	amazing musician	4
2	121	96	\N	2
3	121	13	\N	1
4	56	93	\N	2
5	56	13	\N	3
9	56	114	\N	4
10	56	114	\N	1
11	211	46	\N	2
12	211	207	\N	4
13	211	203	\N	5
14	205	210	\N	3
15	204	210	\N	5
16	205	204	\N	3
17	205	204	\N	5
\.


--
-- Data for Name: tags; Type: TABLE DATA; Schema: public; Owner: postgres
--

COPY public.tags (id, artist_id, tag) FROM stdin;
1	121	singer
2	121	jazz
3	96	bass
4	96	jazz
5	93	percussion
6	93	classical
8	13	classical
98	202	Guitar
99	202	Latin
189	212	Latin
187	212	jazz
188	212	Guitar
103	203	classical
104	203	jazz
105	203	piano
126	114	Pop
127	114	percussion
128	114	classical
129	114	singer
212	205	classical
213	205	Neopop
133	207	drums
134	207	RnB
135	207	singer
136	209	songwriter
137	209	SOul
138	209	singer
139	204	bass
140	204	jazz
141	204	Latin
142	204	Rock
143	208	singer
144	208	indie
145	208	songwriter
146	206	SOul
147	206	singer
148	206	Guitar
214	205	percussion
215	205	drums
151	210	singer
152	210	SOul
153	211	singer
154	211	SOul
155	211	songwriter
\.


--
-- Data for Name: users; Type: TABLE DATA; Schema: public; Owner: postgres
--

COPY public.users (id, first, last, email, profile_picture_url, password_hash, created_at) FROM stdin;
1	Jodie	Palicki	aspartame0@example.com	https://m.media-amazon.com/images/M/MV5BNTI5OTMwNzM4NV5BMl5BanBnXkFtZTcwNDY1NjkyNA@@._V1_UY256_CR6,0,172,256_AL_.jpg	$2a$10$LJAoYritiX8EQ2c8l0TWEOEygNlOkl5Dn79WZcYJYv41Lq9.CzkL.	2022-05-24 18:50:53.395187
2	Sal	Stuhlbarg	aspartame1@example.com	https://m.media-amazon.com/images/M/MV5BOWJlMzliY2MtMWQ5Zi00NDg3LThkZTUtYjQ0ZDVmMzJmNWI5XkEyXkFqcGdeQXVyNjQzODU1MjQ@._V1_UX172_CR0,0,172,256_AL_.jpg	$2a$10$LJAoYritiX8EQ2c8l0TWEOEygNlOkl5Dn79WZcYJYv41Lq9.CzkL.	2022-05-24 18:50:53.395187
3	Kamryn	McLellan	aspartame2@example.com	https://images.pexels.com/photos/61100/pexels-photo-61100.jpeg?h=350&auto=compress&cs=tinysrgb	$2a$10$LJAoYritiX8EQ2c8l0TWEOEygNlOkl5Dn79WZcYJYv41Lq9.CzkL.	2022-05-24 18:50:53.395187
4	Victoria	O'Brien	aspartame3@example.com	https://images-na.ssl-images-amazon.com/images/M/MV5BMTkxOTg1NjU3Ml5BMl5BanBnXkFtZTcwOTE0MTYwNA@@._V1_UY256_CR9,0,172,256_AL_.jpg	$2a$10$LJAoYritiX8EQ2c8l0TWEOEygNlOkl5Dn79WZcYJYv41Lq9.CzkL.	2022-05-24 18:50:53.395187
5	Steve	Antonio	aspartame4@example.com	https://images-na.ssl-images-amazon.com/images/M/MV5BMTQ2MTEyNjMzMV5BMl5BanBnXkFtZTYwODE0MzQ2._V1_UX172_CR0,0,172,256_AL_.jpg	$2a$10$LJAoYritiX8EQ2c8l0TWEOEygNlOkl5Dn79WZcYJYv41Lq9.CzkL.	2022-05-24 18:50:53.395187
6	Monroe	Elizabeth	aspartame5@example.com	https://randomuser.me/api/portraits/men/74.jpg	$2a$10$LJAoYritiX8EQ2c8l0TWEOEygNlOkl5Dn79WZcYJYv41Lq9.CzkL.	2022-05-24 18:50:53.395187
7	Tom	Vikander	aspartame6@example.com	https://randomuser.me/api/portraits/men/21.jpg	$2a$10$LJAoYritiX8EQ2c8l0TWEOEygNlOkl5Dn79WZcYJYv41Lq9.CzkL.	2022-05-24 18:50:53.395187
8	Anaiah	Kinnaman	aspartame7@example.com	https://images-na.ssl-images-amazon.com/images/M/MV5BMTgyMDcyOTE3NV5BMl5BanBnXkFtZTcwNTE3MDY0Mg@@._V1_UY256_CR6,0,172,256_AL_.jpg	$2a$10$LJAoYritiX8EQ2c8l0TWEOEygNlOkl5Dn79WZcYJYv41Lq9.CzkL.	2022-05-24 18:50:53.395187
9	Jena	Haim	aspartame8@example.com	https://images-na.ssl-images-amazon.com/images/M/MV5BMTQ3NDExNTU2OV5BMl5BanBnXkFtZTcwMDI4MTQ1Mg@@._V1_UY256_CR10,0,172,256_AL_.jpg	$2a$10$LJAoYritiX8EQ2c8l0TWEOEygNlOkl5Dn79WZcYJYv41Lq9.CzkL.	2022-05-24 18:50:53.395187
10	Billie	Shipka	aspartame9@example.com	https://images-na.ssl-images-amazon.com/images/M/MV5BN2NkY2Y4OTktNTQ4Ni00YjU5LThhZWItNGJhYzRlOWFkOTViXkEyXkFqcGdeQXVyMjY3NzQ2Mzc@._V1_UY256_CR13,0,172,256_AL_.jpg	$2a$10$LJAoYritiX8EQ2c8l0TWEOEygNlOkl5Dn79WZcYJYv41Lq9.CzkL.	2022-05-24 18:50:53.395187
11	Taelynn	Maher	aspartame10@example.com	https://images.unsplash.com/photo-1542131596-dea5384842c7?ixlib=rb-1.2.1&q=80&fm=jpg&crop=entropy&cs=tinysrgb&w=200&fit=max&ixid=eyJhcHBfaWQiOjE3Nzg0fQ	$2a$10$LJAoYritiX8EQ2c8l0TWEOEygNlOkl5Dn79WZcYJYv41Lq9.CzkL.	2022-05-24 18:50:53.395187
12	Alexandra	Franz	aspartame11@example.com	https://images-na.ssl-images-amazon.com/images/M/MV5BMjA1Njc0MTUzN15BMl5BanBnXkFtZTgwNTg1MjEwNDI@._V1_UX172_CR0,0,172,256_AL_.jpg	$2a$10$LJAoYritiX8EQ2c8l0TWEOEygNlOkl5Dn79WZcYJYv41Lq9.CzkL.	2022-05-24 18:50:53.395187
13	Joaquin	Camacho	aspartame12@example.com	https://images-na.ssl-images-amazon.com/images/M/MV5BMTM1MDkxMTY2N15BMl5BanBnXkFtZTcwNTcxMjAyMg@@._V1_UY256_CR6,0,172,256_AL_.jpg	$2a$10$LJAoYritiX8EQ2c8l0TWEOEygNlOkl5Dn79WZcYJYv41Lq9.CzkL.	2022-05-24 18:50:53.395187
14	Joel	Nunez	aspartame13@example.com	https://images-na.ssl-images-amazon.com/images/M/MV5BODM2ODY1NDczNF5BMl5BanBnXkFtZTcwMTI0NDgxNw@@._V1_UX172_CR0,0,172,256_AL_.jpg	$2a$10$LJAoYritiX8EQ2c8l0TWEOEygNlOkl5Dn79WZcYJYv41Lq9.CzkL.	2022-05-24 18:50:53.395187
15	Jesse	Keough	aspartame14@example.com	https://randomuser.me/api/portraits/men/35.jpg	$2a$10$LJAoYritiX8EQ2c8l0TWEOEygNlOkl5Dn79WZcYJYv41Lq9.CzkL.	2022-05-24 18:50:53.395187
16	Asiya	Roberts	aspartame15@example.com	https://images-na.ssl-images-amazon.com/images/M/MV5BMTg2MDY4NzY4Nl5BMl5BanBnXkFtZTgwNTA4ODUzMzI@._V1_UX172_CR0,0,172,256_AL_.jpg	$2a$10$LJAoYritiX8EQ2c8l0TWEOEygNlOkl5Dn79WZcYJYv41Lq9.CzkL.	2022-05-24 18:50:53.395187
17	Topias	Wayne	aspartame16@example.com	https://m.media-amazon.com/images/M/MV5BMTUwNzAyMzA2MF5BMl5BanBnXkFtZTgwNzA0MjQ1ODE@._V1_UX172_CR0,0,172,256_AL_.jpg	$2a$10$LJAoYritiX8EQ2c8l0TWEOEygNlOkl5Dn79WZcYJYv41Lq9.CzkL.	2022-05-24 18:50:53.395187
18	Geoff	Hawes	aspartame17@example.com	https://images.unsplash.com/photo-1509460913899-515f1df34fea?ixlib=rb-0.3.5&q=80&fm=jpg&crop=entropy&cs=tinysrgb&w=200&fit=max&s=3f295ad36e97b56caa7fc3db6deef987	$2a$10$LJAoYritiX8EQ2c8l0TWEOEygNlOkl5Dn79WZcYJYv41Lq9.CzkL.	2022-05-24 18:50:53.395187
19	Frankie	Munro	aspartame18@example.com	https://images-na.ssl-images-amazon.com/images/M/MV5BNjM4NjQwMzE1Ml5BMl5BanBnXkFtZTgwNjg5MTM0NzE@._V1_UX172_CR0,0,172,256_AL_.jpg	$2a$10$LJAoYritiX8EQ2c8l0TWEOEygNlOkl5Dn79WZcYJYv41Lq9.CzkL.	2022-05-24 18:50:53.395187
20	Rosalie	Macchio	aspartame19@example.com	https://images-na.ssl-images-amazon.com/images/M/MV5BMTMzNDY3NDQ3MV5BMl5BanBnXkFtZTcwODI3MTkyMQ@@._V1_UX172_CR0,0,172,256_AL_.jpg	$2a$10$LJAoYritiX8EQ2c8l0TWEOEygNlOkl5Dn79WZcYJYv41Lq9.CzkL.	2022-05-24 18:50:53.395187
21	Johnny	Franco	aspartame20@example.com	https://images-na.ssl-images-amazon.com/images/M/MV5BMTUyMTU3MzY3Ml5BMl5BanBnXkFtZTgwMDc0MjQ2NjE@._V1_UY256_CR42,0,172,256_AL_.jpg	$2a$10$LJAoYritiX8EQ2c8l0TWEOEygNlOkl5Dn79WZcYJYv41Lq9.CzkL.	2022-05-24 18:50:53.395187
22	Geoffrey	Isaac	aspartame21@example.com	https://randomuser.me/api/portraits/men/36.jpg	$2a$10$LJAoYritiX8EQ2c8l0TWEOEygNlOkl5Dn79WZcYJYv41Lq9.CzkL.	2022-05-24 18:50:53.395187
23	Rebecca	Zhang	aspartame22@example.com	https://randomuser.me/api/portraits/women/2.jpg	$2a$10$LJAoYritiX8EQ2c8l0TWEOEygNlOkl5Dn79WZcYJYv41Lq9.CzkL.	2022-05-24 18:50:53.395187
24	Elena	Zylka	aspartame23@example.com	https://images-na.ssl-images-amazon.com/images/M/MV5BOTgzODAyODA1Ml5BMl5BanBnXkFtZTcwNTIxMDk5MQ@@._V1_UX172_CR0,0,172,256_AL_.jpg	$2a$10$LJAoYritiX8EQ2c8l0TWEOEygNlOkl5Dn79WZcYJYv41Lq9.CzkL.	2022-05-24 18:50:53.395187
25	Ferdinand	Astin	aspartame24@example.com	https://randomuser.me/api/portraits/men/66.jpg	$2a$10$LJAoYritiX8EQ2c8l0TWEOEygNlOkl5Dn79WZcYJYv41Lq9.CzkL.	2022-05-24 18:50:53.395187
26	Aila	Atwood	aspartame25@example.com	https://images-na.ssl-images-amazon.com/images/M/MV5BMjI4OTQ1NTcxOF5BMl5BanBnXkFtZTcwOTc1NTU0OQ@@._V1_UX172_CR0,0,172,256_AL_.jpg	$2a$10$LJAoYritiX8EQ2c8l0TWEOEygNlOkl5Dn79WZcYJYv41Lq9.CzkL.	2022-05-24 18:50:53.395187
27	Lucia	Biel	aspartame26@example.com	https://images-na.ssl-images-amazon.com/images/M/MV5BMTYyOTQ2NjkyMl5BMl5BanBnXkFtZTcwODk5NjQzOA@@._V1_UY256_CR5,0,172,256_AL_.jpg	$2a$10$LJAoYritiX8EQ2c8l0TWEOEygNlOkl5Dn79WZcYJYv41Lq9.CzkL.	2022-05-24 18:50:53.395187
28	Guillermo	Lord	aspartame27@example.com	https://images-na.ssl-images-amazon.com/images/M/MV5BNGIxZjcwNWEtMTQ5OS00OWFmLTg2MTMtYzBmZWU3Y2Y3NGQyXkEyXkFqcGdeQXVyMjQwMDg0Ng@@._V1_UY256_CR0,0,172,256_AL_.jpg	$2a$10$LJAoYritiX8EQ2c8l0TWEOEygNlOkl5Dn79WZcYJYv41Lq9.CzkL.	2022-05-24 18:50:53.395187
29	Arielle	T. Scaife	aspartame28@example.com	https://m.media-amazon.com/images/M/MV5BOTU3NDE5MDQ4MV5BMl5BanBnXkFtZTgwMzE5ODQ3MDI@._V1_UX172_CR0,0,172,256_AL_.jpg	$2a$10$LJAoYritiX8EQ2c8l0TWEOEygNlOkl5Dn79WZcYJYv41Lq9.CzkL.	2022-05-24 18:50:53.395187
30	Mena	Chastain	aspartame29@example.com	https://images-na.ssl-images-amazon.com/images/M/MV5BMjQ2NjU3MzcyM15BMl5BanBnXkFtZTgwNzY1MzU2NDM@._V1_UY256_CR27,0,172,256_AL_.jpg	$2a$10$LJAoYritiX8EQ2c8l0TWEOEygNlOkl5Dn79WZcYJYv41Lq9.CzkL.	2022-05-24 18:50:53.395187
31	Shailene	Williams	aspartame30@example.com	https://images-na.ssl-images-amazon.com/images/M/MV5BMTUyODM4ODMxN15BMl5BanBnXkFtZTcwMzAxMjQ1NA@@._V1_UY256_CR10,0,172,256_AL_.jpg	$2a$10$LJAoYritiX8EQ2c8l0TWEOEygNlOkl5Dn79WZcYJYv41Lq9.CzkL.	2022-05-24 18:50:53.395187
32	Sydney	Jerokowitz	aspartame31@example.com	https://images-na.ssl-images-amazon.com/images/M/MV5BOTM5NzI1NTMwN15BMl5BanBnXkFtZTcwOTQ0NjExNw@@._V1_UX172_CR0,0,172,256_AL_.jpg	$2a$10$LJAoYritiX8EQ2c8l0TWEOEygNlOkl5Dn79WZcYJYv41Lq9.CzkL.	2022-05-24 18:50:53.395187
33	Paul	Davis	aspartame32@example.com	https://images.pexels.com/photos/220453/pexels-photo-220453.jpeg?h=350&auto=compress&cs=tinysrgb	$2a$10$LJAoYritiX8EQ2c8l0TWEOEygNlOkl5Dn79WZcYJYv41Lq9.CzkL.	2022-05-24 18:50:53.395187
34	Beverly	Pierre	aspartame33@example.com	https://randomuser.me/api/portraits/women/7.jpg	$2a$10$LJAoYritiX8EQ2c8l0TWEOEygNlOkl5Dn79WZcYJYv41Lq9.CzkL.	2022-05-24 18:50:53.395187
35	Dylan	Perez	aspartame34@example.com	https://randomuser.me/api/portraits/men/20.jpg	$2a$10$LJAoYritiX8EQ2c8l0TWEOEygNlOkl5Dn79WZcYJYv41Lq9.CzkL.	2022-05-24 18:50:53.395187
36	Winston	Joel Osment	aspartame35@example.com	https://randomuser.me/api/portraits/men/55.jpg	$2a$10$LJAoYritiX8EQ2c8l0TWEOEygNlOkl5Dn79WZcYJYv41Lq9.CzkL.	2022-05-24 18:50:53.395187
37	Zoe	Wiseman	aspartame36@example.com	https://images.unsplash.com/photo-1542131596-52b8276764bb?ixlib=rb-1.2.1&q=80&fm=jpg&crop=entropy&cs=tinysrgb&w=200&fit=max&ixid=eyJhcHBfaWQiOjE3Nzg0fQ	$2a$10$LJAoYritiX8EQ2c8l0TWEOEygNlOkl5Dn79WZcYJYv41Lq9.CzkL.	2022-05-24 18:50:53.395187
38	Pom	De Pablo	aspartame37@example.com	https://images-na.ssl-images-amazon.com/images/M/MV5BMjUzMzk5NzcyNV5BMl5BanBnXkFtZTcwNzQ1NjkzNw@@._V1_UX172_CR0,0,172,256_AL_.jpg	$2a$10$LJAoYritiX8EQ2c8l0TWEOEygNlOkl5Dn79WZcYJYv41Lq9.CzkL.	2022-05-24 18:50:53.395187
39	Ting	Manheim	aspartame38@example.com	https://randomuser.me/api/portraits/men/38.jpg	$2a$10$LJAoYritiX8EQ2c8l0TWEOEygNlOkl5Dn79WZcYJYv41Lq9.CzkL.	2022-05-24 18:50:53.395187
40	Lue	Fuentes	aspartame39@example.com	https://images-na.ssl-images-amazon.com/images/M/MV5BMTY0NTY5OTI2MF5BMl5BanBnXkFtZTgwNDkzMzIxMzE@._V1_UY256_CR6,0,172,256_AL_.jpg	$2a$10$LJAoYritiX8EQ2c8l0TWEOEygNlOkl5Dn79WZcYJYv41Lq9.CzkL.	2022-05-24 18:50:53.395187
41	Emil	Klementieff	aspartame40@example.com	https://randomuser.me/api/portraits/men/98.jpg	$2a$10$LJAoYritiX8EQ2c8l0TWEOEygNlOkl5Dn79WZcYJYv41Lq9.CzkL.	2022-05-24 18:50:53.395187
42	Jordan	Erdoğan	aspartame41@example.com	https://randomuser.me/api/portraits/men/68.jpg	$2a$10$LJAoYritiX8EQ2c8l0TWEOEygNlOkl5Dn79WZcYJYv41Lq9.CzkL.	2022-05-24 18:50:53.395187
43	Florian	Palmieri	aspartame42@example.com	https://images-na.ssl-images-amazon.com/images/M/MV5BMTYwMDYxODE3MF5BMl5BanBnXkFtZTcwMjQxNjI5Ng@@._V1_UY256_CR6,0,172,256_AL_.jpg	$2a$10$LJAoYritiX8EQ2c8l0TWEOEygNlOkl5Dn79WZcYJYv41Lq9.CzkL.	2022-05-24 18:50:53.395187
44	Bonita	Legrand	aspartame43@example.com	https://images-na.ssl-images-amazon.com/images/M/MV5BMTY0MzY0MDM5N15BMl5BanBnXkFtZTgwOTI4Njk4MTE@._V1_UX172_CR0,0,172,256_AL_.jpg	$2a$10$LJAoYritiX8EQ2c8l0TWEOEygNlOkl5Dn79WZcYJYv41Lq9.CzkL.	2022-05-24 18:50:53.395187
45	Bryce	Deschanel	aspartame44@example.com	https://images.unsplash.com/photo-1546967191-fdfb13ed6b1e?ixlib=rb-1.2.1&q=80&fm=jpg&crop=entropy&cs=tinysrgb&w=200&fit=max&ixid=eyJhcHBfaWQiOjE3Nzg0fQ	$2a$10$LJAoYritiX8EQ2c8l0TWEOEygNlOkl5Dn79WZcYJYv41Lq9.CzkL.	2022-05-24 18:50:53.395187
46	Liam	McIntosh	aspartame45@example.com	https://m.media-amazon.com/images/M/MV5BMjExOTY3NzExM15BMl5BanBnXkFtZTgwOTg1OTAzMTE@._V1_UX172_CR0,0,172,256_AL_.jpg	$2a$10$LJAoYritiX8EQ2c8l0TWEOEygNlOkl5Dn79WZcYJYv41Lq9.CzkL.	2022-05-24 18:50:53.395187
47	Brittany	Polywell	aspartame46@example.com	https://randomuser.me/api/portraits/women/70.jpg	$2a$10$LJAoYritiX8EQ2c8l0TWEOEygNlOkl5Dn79WZcYJYv41Lq9.CzkL.	2022-05-24 18:50:53.395187
48	Sally	Peltola	aspartame47@example.com	https://images-na.ssl-images-amazon.com/images/M/MV5BNzA1Nzc4NjYwNV5BMl5BanBnXkFtZTcwNjA2NjY1Mg@@._V1_UY256_CR15,0,172,256_AL_.jpg	$2a$10$LJAoYritiX8EQ2c8l0TWEOEygNlOkl5Dn79WZcYJYv41Lq9.CzkL.	2022-05-24 18:50:53.395187
49	Cain	Lorenzo	aspartame48@example.com	https://randomuser.me/api/portraits/men/81.jpg	$2a$10$LJAoYritiX8EQ2c8l0TWEOEygNlOkl5Dn79WZcYJYv41Lq9.CzkL.	2022-05-24 18:50:53.395187
50	Samuel	Ward	aspartame49@example.com	https://images.unsplash.com/photo-1441786485319-5e0f0c092803?ixlib=rb-0.3.5&q=80&fm=jpg&crop=entropy&cs=tinysrgb&w=200&fit=max&s=43b4e18f7d3a1c14a7a36eb8bf4f7b58	$2a$10$LJAoYritiX8EQ2c8l0TWEOEygNlOkl5Dn79WZcYJYv41Lq9.CzkL.	2022-05-24 18:50:53.395187
51	Agyness	Saldana	aspartame50@example.com	https://m.media-amazon.com/images/M/MV5BMTQwMDQ0NDk1OV5BMl5BanBnXkFtZTcwNDcxOTExNg@@._V1_UY256_CR2,0,172,256_AL_.jpg	$2a$10$LJAoYritiX8EQ2c8l0TWEOEygNlOkl5Dn79WZcYJYv41Lq9.CzkL.	2022-05-24 18:50:53.395187
52	Rosa	Levieva	aspartame51@example.com	https://images.unsplash.com/photo-1529218164294-0d21b06ea831?ixlib=rb-1.2.1&q=80&fm=jpg&crop=entropy&cs=tinysrgb&w=200&fit=max&ixid=eyJhcHBfaWQiOjE3Nzg0fQ	$2a$10$LJAoYritiX8EQ2c8l0TWEOEygNlOkl5Dn79WZcYJYv41Lq9.CzkL.	2022-05-24 18:50:53.395187
53	Ronson	Caldeira	aspartame52@example.com	https://images.unsplash.com/photo-1501325087108-ae3ee3fad52f?ixlib=rb-0.3.5&q=80&fm=jpg&crop=entropy&cs=tinysrgb&w=200&fit=max&s=f7f448c2a70154ef85786cf3e4581e4b	$2a$10$LJAoYritiX8EQ2c8l0TWEOEygNlOkl5Dn79WZcYJYv41Lq9.CzkL.	2022-05-24 18:50:53.395187
54	Jane	Eve	aspartame53@example.com	https://images-na.ssl-images-amazon.com/images/M/MV5BNTU3MDkzMTM1NF5BMl5BanBnXkFtZTcwOTc2MzI0Mg@@._V1_UX172_CR0,0,172,256_AL_.jpg	$2a$10$LJAoYritiX8EQ2c8l0TWEOEygNlOkl5Dn79WZcYJYv41Lq9.CzkL.	2022-05-24 18:50:53.395187
55	Lenny	Juntunen	aspartame54@example.com	https://randomuser.me/api/portraits/men/2.jpg	$2a$10$LJAoYritiX8EQ2c8l0TWEOEygNlOkl5Dn79WZcYJYv41Lq9.CzkL.	2022-05-24 18:50:53.395187
56	Bradley	Hudgens	aspartame55@example.com	https://images.unsplash.com/photo-1504553101389-41a8f048c3ba?ixlib=rb-0.3.5&q=80&fm=jpg&crop=entropy&cs=tinysrgb&w=200&fit=max&s=d0dd0ef88ec9a9c2f3a6fbd1a934f32c	$2a$10$LJAoYritiX8EQ2c8l0TWEOEygNlOkl5Dn79WZcYJYv41Lq9.CzkL.	2022-05-24 18:50:53.395187
57	Massimo	Pinwheel	aspartame56@example.com	https://images-na.ssl-images-amazon.com/images/M/MV5BNjY5ODY0MDE5Nl5BMl5BanBnXkFtZTgwODg2NDM4ODE@._V1_UX172_CR0,0,172,256_AL_.jpg	$2a$10$LJAoYritiX8EQ2c8l0TWEOEygNlOkl5Dn79WZcYJYv41Lq9.CzkL.	2022-05-24 18:50:53.395187
58	Kristen	Lillis	aspartame57@example.com	https://m.media-amazon.com/images/M/MV5BYzA0YzllZDItYTQ1Mi00ZjgxLWJkMjEtOGJmOTIzZjYwMDIzXkEyXkFqcGdeQXVyMjQwMDg0Ng@@._V1_UY256_CR40,0,172,256_AL_.jpg	$2a$10$LJAoYritiX8EQ2c8l0TWEOEygNlOkl5Dn79WZcYJYv41Lq9.CzkL.	2022-05-24 18:50:53.395187
59	Kaine	Morgan	aspartame58@example.com	https://randomuser.me/api/portraits/men/22.jpg	$2a$10$LJAoYritiX8EQ2c8l0TWEOEygNlOkl5Dn79WZcYJYv41Lq9.CzkL.	2022-05-24 18:50:53.395187
60	Regan	Sestero	aspartame59@example.com	https://images-na.ssl-images-amazon.com/images/M/MV5BNWRmYWVlNmQtNTRiOS00YjBjLWE0MDAtNWYwZGVkMjgwY2M0XkEyXkFqcGdeQXVyMTgwMTYzNQ@@._V1_UY256_CR106,0,172,256_AL_.jpg	$2a$10$LJAoYritiX8EQ2c8l0TWEOEygNlOkl5Dn79WZcYJYv41Lq9.CzkL.	2022-05-24 18:50:53.395187
61	Eliza	Yar	aspartame60@example.com	https://randomuser.me/api/portraits/women/8.jpg	$2a$10$LJAoYritiX8EQ2c8l0TWEOEygNlOkl5Dn79WZcYJYv41Lq9.CzkL.	2022-05-24 18:50:53.395187
62	Andrea	Malek	aspartame61@example.com	https://images.unsplash.com/photo-1535485156230-020016c5b156?ixlib=rb-1.2.1&q=80&fm=jpg&crop=entropy&cs=tinysrgb&w=200&fit=max&ixid=eyJhcHBfaWQiOjE3Nzg0fQ	$2a$10$LJAoYritiX8EQ2c8l0TWEOEygNlOkl5Dn79WZcYJYv41Lq9.CzkL.	2022-05-24 18:50:53.395187
63	Davy	Grey	aspartame62@example.com	https://randomuser.me/api/portraits/men/85.jpg	$2a$10$LJAoYritiX8EQ2c8l0TWEOEygNlOkl5Dn79WZcYJYv41Lq9.CzkL.	2022-05-24 18:50:53.395187
64	Danny	Banks	aspartame63@example.com	https://images.unsplash.com/photo-1543080853-556086153871?ixlib=rb-1.2.1&q=80&fm=jpg&crop=entropy&cs=tinysrgb&w=200&fit=max&ixid=eyJhcHBfaWQiOjE3Nzg0fQ	$2a$10$LJAoYritiX8EQ2c8l0TWEOEygNlOkl5Dn79WZcYJYv41Lq9.CzkL.	2022-05-24 18:50:53.395187
65	Jean-Claude	Clancy	aspartame64@example.com	https://randomuser.me/api/portraits/men/83.jpg	$2a$10$LJAoYritiX8EQ2c8l0TWEOEygNlOkl5Dn79WZcYJYv41Lq9.CzkL.	2022-05-24 18:50:53.395187
66	Lars	Murphy	aspartame65@example.com	https://images-na.ssl-images-amazon.com/images/M/MV5BOWU1Nzg0M2ItYjEzMi00ODliLThkODAtNGEyYzRkZTBmMmEzXkEyXkFqcGdeQXVyNDk2Mzk2NDg@._V1_UY256_CR11,0,172,256_AL_.jpg	$2a$10$LJAoYritiX8EQ2c8l0TWEOEygNlOkl5Dn79WZcYJYv41Lq9.CzkL.	2022-05-24 18:50:53.395187
67	Avalon	Coupe	aspartame66@example.com	https://images.unsplash.com/photo-1496671431883-c102df9ae8f9?ixlib=rb-0.3.5&q=80&fm=jpg&crop=entropy&cs=tinysrgb&w=200&fit=max&s=84d0b5da11ab2535ea4d207095366988	$2a$10$LJAoYritiX8EQ2c8l0TWEOEygNlOkl5Dn79WZcYJYv41Lq9.CzkL.	2022-05-24 18:50:53.395187
68	Sandra	Turner	aspartame67@example.com	https://randomuser.me/api/portraits/women/75.jpg	$2a$10$LJAoYritiX8EQ2c8l0TWEOEygNlOkl5Dn79WZcYJYv41Lq9.CzkL.	2022-05-24 18:50:53.395187
69	Yarely	Pugh	aspartame68@example.com	https://images-na.ssl-images-amazon.com/images/M/MV5BMTU0NDM5OTE0N15BMl5BanBnXkFtZTcwMzMzNjM0Nw@@._V1_UY256_CR18,0,172,256_AL_.jpg	$2a$10$LJAoYritiX8EQ2c8l0TWEOEygNlOkl5Dn79WZcYJYv41Lq9.CzkL.	2022-05-24 18:50:53.395187
70	Sebastian	Lachman	aspartame69@example.com	https://randomuser.me/api/portraits/men/29.jpg	$2a$10$LJAoYritiX8EQ2c8l0TWEOEygNlOkl5Dn79WZcYJYv41Lq9.CzkL.	2022-05-24 18:50:53.395187
71	Leonardo	Feldman	aspartame70@example.com	https://randomuser.me/api/portraits/men/37.jpg	$2a$10$LJAoYritiX8EQ2c8l0TWEOEygNlOkl5Dn79WZcYJYv41Lq9.CzkL.	2022-05-24 18:50:53.395187
72	Alison	Moore	aspartame71@example.com	https://images.unsplash.com/photo-1496213618739-f4b603bf4623?ixlib=rb-0.3.5&q=80&fm=jpg&crop=entropy&cs=tinysrgb&w=200&fit=max&s=68d2c9f0fcbd3c8de7d68f3cd1ab34f2	$2a$10$LJAoYritiX8EQ2c8l0TWEOEygNlOkl5Dn79WZcYJYv41Lq9.CzkL.	2022-05-24 18:50:53.395187
73	Harry	Lourd	aspartame72@example.com	https://images-na.ssl-images-amazon.com/images/M/MV5BNTk2OGU4NzktODhhOC00Nzc2LWIyNzYtOWViMjljZGFiNTMxXkEyXkFqcGdeQXVyMTE1NTQwOTk@._V1_UY256_CR12,0,172,256_AL_.jpg	$2a$10$LJAoYritiX8EQ2c8l0TWEOEygNlOkl5Dn79WZcYJYv41Lq9.CzkL.	2022-05-24 18:50:53.395187
74	Omri	Reese	aspartame73@example.com	https://images-na.ssl-images-amazon.com/images/M/MV5BMTY2MzM2NzAxNF5BMl5BanBnXkFtZTgwMDIyMzg1NDE@._V1_UY256_CR0,0,172,256_AL_.jpg	$2a$10$LJAoYritiX8EQ2c8l0TWEOEygNlOkl5Dn79WZcYJYv41Lq9.CzkL.	2022-05-24 18:50:53.395187
75	Claire	Heard	aspartame74@example.com	https://images.unsplash.com/photo-1494790108377-be9c29b29330?ixlib=rb-0.3.5&q=80&fm=jpg&crop=entropy&cs=tinysrgb&w=200&fit=max&s=707b9c33066bf8808c934c8ab394dff6	$2a$10$LJAoYritiX8EQ2c8l0TWEOEygNlOkl5Dn79WZcYJYv41Lq9.CzkL.	2022-05-24 18:50:53.395187
76	Mark	Williamson	aspartame75@example.com	https://images-na.ssl-images-amazon.com/images/M/MV5BMTk2OTY5MzcwMV5BMl5BanBnXkFtZTgwODM4MDI5MjI@._V1_UX172_CR0,0,172,256_AL_.jpg	$2a$10$LJAoYritiX8EQ2c8l0TWEOEygNlOkl5Dn79WZcYJYv41Lq9.CzkL.	2022-05-24 18:50:53.395187
77	Vanessa	Kantola	aspartame76@example.com	https://images-na.ssl-images-amazon.com/images/M/MV5BMTY4OTk4NjE2N15BMl5BanBnXkFtZTgwNzMxODk1MzE@._V1_UY256_CR16,0,172,256_AL_.jpg	$2a$10$LJAoYritiX8EQ2c8l0TWEOEygNlOkl5Dn79WZcYJYv41Lq9.CzkL.	2022-05-24 18:50:53.395187
78	Chloë	Stables	aspartame77@example.com	https://images.unsplash.com/photo-1541585452861-0375331f10bf?ixlib=rb-1.2.1&q=80&fm=jpg&crop=entropy&cs=tinysrgb&w=200&fit=max&ixid=eyJhcHBfaWQiOjE3Nzg0fQ	$2a$10$LJAoYritiX8EQ2c8l0TWEOEygNlOkl5Dn79WZcYJYv41Lq9.CzkL.	2022-05-24 18:50:53.395187
79	Alicia	Dewitt	aspartame78@example.com	https://images-na.ssl-images-amazon.com/images/M/MV5BMzI5NDIzNTQ1Nl5BMl5BanBnXkFtZTgwMjQ0Mzc1MTE@._V1_UY256_CR4,0,172,256_AL_.jpg	$2a$10$LJAoYritiX8EQ2c8l0TWEOEygNlOkl5Dn79WZcYJYv41Lq9.CzkL.	2022-05-24 18:50:53.395187
80	Sophie	Nichols	aspartame79@example.com	https://images.unsplash.com/photo-1496081081095-d32308dd6206?ixlib=rb-0.3.5&q=80&fm=jpg&crop=entropy&cs=tinysrgb&w=200&fit=max&s=dd302358c7e18c27c4086e97caf85781	$2a$10$LJAoYritiX8EQ2c8l0TWEOEygNlOkl5Dn79WZcYJYv41Lq9.CzkL.	2022-05-24 18:50:53.395187
81	Iina	Danielle	aspartame80@example.com	https://images-na.ssl-images-amazon.com/images/M/MV5BMTc3ODM4MzAyNl5BMl5BanBnXkFtZTcwODUwODYzNA@@._V1_UY256_CR12,0,172,256_AL_.jpg	$2a$10$LJAoYritiX8EQ2c8l0TWEOEygNlOkl5Dn79WZcYJYv41Lq9.CzkL.	2022-05-24 18:50:53.395187
82	Mandy	Reynolds	aspartame81@example.com	https://images-na.ssl-images-amazon.com/images/M/MV5BMjIzOTA0OTQyN15BMl5BanBnXkFtZTcwMjE1OTIwMw@@._V1_UY256_CR4,0,172,256_AL_.jpg	$2a$10$LJAoYritiX8EQ2c8l0TWEOEygNlOkl5Dn79WZcYJYv41Lq9.CzkL.	2022-05-24 18:50:53.395187
83	Marsellus	Cooper	aspartame82@example.com	https://randomuser.me/api/portraits/men/86.jpg	$2a$10$LJAoYritiX8EQ2c8l0TWEOEygNlOkl5Dn79WZcYJYv41Lq9.CzkL.	2022-05-24 18:50:53.395187
84	Dianna	Boseman	aspartame83@example.com	https://images-na.ssl-images-amazon.com/images/M/MV5BMjMyMzA1MTY2MV5BMl5BanBnXkFtZTgwMzIyNzQ3MDE@._V1_UY256_CR21,0,172,256_AL_.jpg	$2a$10$LJAoYritiX8EQ2c8l0TWEOEygNlOkl5Dn79WZcYJYv41Lq9.CzkL.	2022-05-24 18:50:53.395187
85	Pablo	Denys	aspartame84@example.com	https://randomuser.me/api/portraits/men/65.jpg	$2a$10$LJAoYritiX8EQ2c8l0TWEOEygNlOkl5Dn79WZcYJYv41Lq9.CzkL.	2022-05-24 18:50:53.395187
86	Jacob	Barr	aspartame85@example.com	https://randomuser.me/api/portraits/men/94.jpg	$2a$10$LJAoYritiX8EQ2c8l0TWEOEygNlOkl5Dn79WZcYJYv41Lq9.CzkL.	2022-05-24 18:50:53.395187
87	Kaitlyn	Grayson	aspartame86@example.com	https://images.unsplash.com/photo-1502378735452-bc7d86632805?ixlib=rb-0.3.5&q=80&fm=jpg&crop=entropy&cs=tinysrgb&w=200&fit=max&s=aa3a807e1bbdfd4364d1f449eaa96d82	$2a$10$LJAoYritiX8EQ2c8l0TWEOEygNlOkl5Dn79WZcYJYv41Lq9.CzkL.	2022-05-24 18:50:53.395187
88	Armie	Friedkin	aspartame87@example.com	https://images-na.ssl-images-amazon.com/images/M/MV5BMjExOTY3NzExM15BMl5BanBnXkFtZTgwOTg1OTAzMTE@._V1_UX172_CR0,0,172,256_AL_.jpg	$2a$10$LJAoYritiX8EQ2c8l0TWEOEygNlOkl5Dn79WZcYJYv41Lq9.CzkL.	2022-05-24 18:50:53.395187
89	Aatu	Scorsese	aspartame88@example.com	https://randomuser.me/api/portraits/men/72.jpg	$2a$10$LJAoYritiX8EQ2c8l0TWEOEygNlOkl5Dn79WZcYJYv41Lq9.CzkL.	2022-05-24 18:50:53.395187
90	Mateo	Landry Jones	aspartame89@example.com	https://images-na.ssl-images-amazon.com/images/M/MV5BNjdjNTlhZjUtODA0MC00Mjc3LWExNmMtZDc5ZmI0ZmNlZWZmXkEyXkFqcGdeQXVyMjQwMDg0Ng@@._V1_UX172_CR0,0,172,256_AL_.jpg	$2a$10$LJAoYritiX8EQ2c8l0TWEOEygNlOkl5Dn79WZcYJYv41Lq9.CzkL.	2022-05-24 18:50:53.395187
91	Sean	Sweetin	aspartame90@example.com	https://randomuser.me/api/portraits/men/50.jpg	$2a$10$LJAoYritiX8EQ2c8l0TWEOEygNlOkl5Dn79WZcYJYv41Lq9.CzkL.	2022-05-24 18:50:53.395187
92	Ryu	Momoa	aspartame91@example.com	https://images.unsplash.com/photo-1547729047-a1f1532c9a38?ixlib=rb-1.2.1&q=80&fm=jpg&crop=entropy&cs=tinysrgb&w=200&fit=max&ixid=eyJhcHBfaWQiOjE3Nzg0fQ	$2a$10$LJAoYritiX8EQ2c8l0TWEOEygNlOkl5Dn79WZcYJYv41Lq9.CzkL.	2022-05-24 18:50:53.395187
93	Darla	Matos	aspartame92@example.com	https://images.unsplash.com/photo-1504347538039-a53f6ff0131d?ixlib=rb-0.3.5&q=80&fm=jpg&crop=entropy&cs=tinysrgb&w=200&fit=max&s=ca7cc3097e24937904aadfe78b36780c	$2a$10$LJAoYritiX8EQ2c8l0TWEOEygNlOkl5Dn79WZcYJYv41Lq9.CzkL.	2022-05-24 18:50:53.395187
94	Marcus	Gibson	aspartame93@example.com	https://m.media-amazon.com/images/M/MV5BMTU0MjEyNzQyM15BMl5BanBnXkFtZTcwMTc4ODUxOQ@@._V1_UX172_CR0,0,172,256_AL_.jpg	$2a$10$LJAoYritiX8EQ2c8l0TWEOEygNlOkl5Dn79WZcYJYv41Lq9.CzkL.	2022-05-24 18:50:53.395187
95	Micheal	Palmer	aspartame94@example.com	https://randomuser.me/api/portraits/men/90.jpg	$2a$10$LJAoYritiX8EQ2c8l0TWEOEygNlOkl5Dn79WZcYJYv41Lq9.CzkL.	2022-05-24 18:50:53.395187
96	Mackenzie	Mangini	aspartame95@example.com	https://images-na.ssl-images-amazon.com/images/M/MV5BMTgxMTc1MTYzM15BMl5BanBnXkFtZTgwNzI5NjMwOTE@._V1_UY256_CR16,0,172,256_AL_.jpg	$2a$10$LJAoYritiX8EQ2c8l0TWEOEygNlOkl5Dn79WZcYJYv41Lq9.CzkL.	2022-05-24 18:50:53.395187
97	Jeremy	Hilmar	aspartame96@example.com	https://images.unsplash.com/photo-1542973748-658653fb3d12?ixlib=rb-1.2.1&q=80&fm=jpg&crop=entropy&cs=tinysrgb&w=200&fit=max&ixid=eyJhcHBfaWQiOjE3Nzg0fQ	$2a$10$LJAoYritiX8EQ2c8l0TWEOEygNlOkl5Dn79WZcYJYv41Lq9.CzkL.	2022-05-24 18:50:53.395187
98	Edith	Skarsgård	aspartame97@example.com	https://images-na.ssl-images-amazon.com/images/M/MV5BNzkxNzI5NDkyNl5BMl5BanBnXkFtZTcwMDc1MTgyNw@@._V1_UY256_CR1,0,172,256_AL_.jpg	$2a$10$LJAoYritiX8EQ2c8l0TWEOEygNlOkl5Dn79WZcYJYv41Lq9.CzkL.	2022-05-24 18:50:53.395187
99	Joey	Caron	aspartame98@example.com	https://images.unsplash.com/photo-1548544149-4835e62ee5b3?ixlib=rb-1.2.1&q=80&fm=jpg&crop=entropy&cs=tinysrgb&w=200&fit=max&ixid=eyJhcHBfaWQiOjE3Nzg0fQ	$2a$10$LJAoYritiX8EQ2c8l0TWEOEygNlOkl5Dn79WZcYJYv41Lq9.CzkL.	2022-05-24 18:50:53.395187
100	Michelle	Ehrenreich	aspartame99@example.com	https://m.media-amazon.com/images/M/MV5BMDJmZGRjNzktYTFlYS00ZDdhLWExNTUtNTRjNTY5MTU3Y2FhXkEyXkFqcGdeQXVyOTQzMTcwMzQ@._V1_UX172_CR0,0,172,256_AL_.jpg	$2a$10$LJAoYritiX8EQ2c8l0TWEOEygNlOkl5Dn79WZcYJYv41Lq9.CzkL.	2022-05-24 18:50:53.395187
101	Lorenzo	Smiley	aspartame100@example.com	https://randomuser.me/api/portraits/men/31.jpg	$2a$10$LJAoYritiX8EQ2c8l0TWEOEygNlOkl5Dn79WZcYJYv41Lq9.CzkL.	2022-05-24 18:50:53.395187
102	Jen	Lorenson	aspartame101@example.com	https://images.unsplash.com/photo-1488426862026-3ee34a7d66df?ixlib=rb-0.3.5&q=80&fm=jpg&crop=entropy&cs=tinysrgb&w=200&fit=max&s=d5849d81af587a09dbcf3f11f6fa122f	$2a$10$LJAoYritiX8EQ2c8l0TWEOEygNlOkl5Dn79WZcYJYv41Lq9.CzkL.	2022-05-24 18:50:53.395187
103	Keeley	Taylor Dudley	aspartame102@example.com	https://images-na.ssl-images-amazon.com/images/M/MV5BMjMxMDA0NDcyMl5BMl5BanBnXkFtZTgwNzE2ODkwODE@._V1_UX172_CR0,0,172,256_AL_.jpg	$2a$10$LJAoYritiX8EQ2c8l0TWEOEygNlOkl5Dn79WZcYJYv41Lq9.CzkL.	2022-05-24 18:50:53.395187
104	Adolfo	Barrett	aspartame103@example.com	https://images-na.ssl-images-amazon.com/images/M/MV5BMjI2MTYyNzU1MV5BMl5BanBnXkFtZTgwNTE4NzI5NzE@._V1_UX172_CR0,0,172,256_AL_.jpg	$2a$10$LJAoYritiX8EQ2c8l0TWEOEygNlOkl5Dn79WZcYJYv41Lq9.CzkL.	2022-05-24 18:50:53.395187
105	Mariana	Zherken	aspartame104@example.com	https://randomuser.me/api/portraits/women/9.jpg	$2a$10$LJAoYritiX8EQ2c8l0TWEOEygNlOkl5Dn79WZcYJYv41Lq9.CzkL.	2022-05-24 18:50:53.395187
106	Ariana	Akman	aspartame105@example.com	https://images.unsplash.com/photo-1508091073125-ced32109d0ee?ixlib=rb-1.2.1&q=80&fm=jpg&crop=entropy&cs=tinysrgb&w=200&fit=max&ixid=eyJhcHBfaWQiOjE3Nzg0fQ	$2a$10$LJAoYritiX8EQ2c8l0TWEOEygNlOkl5Dn79WZcYJYv41Lq9.CzkL.	2022-05-24 18:50:53.395187
107	Krish	Ryan	aspartame106@example.com	https://images.unsplash.com/photo-1513483460609-1c8a505ea990?ixlib=rb-1.2.1&q=80&fm=jpg&crop=entropy&cs=tinysrgb&w=200&fit=max&ixid=eyJhcHBfaWQiOjE3Nzg0fQ	$2a$10$LJAoYritiX8EQ2c8l0TWEOEygNlOkl5Dn79WZcYJYv41Lq9.CzkL.	2022-05-24 18:50:53.395187
108	Charlize	Gross	aspartame107@example.com	https://images-na.ssl-images-amazon.com/images/M/MV5BYWU2ZmUyOTctNjE0Zi00N2Q3LTk1ZmYtMzAxMDRmNmM3OTFhXkEyXkFqcGdeQXVyNjU1Nzk5NTE@._V1_UY256_CR13,0,172,256_AL_.jpg	$2a$10$LJAoYritiX8EQ2c8l0TWEOEygNlOkl5Dn79WZcYJYv41Lq9.CzkL.	2022-05-24 18:50:53.395187
109	Aada	Yun Lee	aspartame108@example.com	https://images-na.ssl-images-amazon.com/images/M/MV5BNDgyMzY3NGYtZmZmNy00YmM3LTk0MTUtYzRkOTlhNTNmYjAyXkEyXkFqcGdeQXVyMjM2MTM1ODA@._V1_UY256_CR101,0,172,256_AL_.jpg	$2a$10$LJAoYritiX8EQ2c8l0TWEOEygNlOkl5Dn79WZcYJYv41Lq9.CzkL.	2022-05-24 18:50:53.395187
110	Chris	M. Maldonado	aspartame109@example.com	https://images-na.ssl-images-amazon.com/images/M/MV5BMTA2OTE1Njg4NjVeQTJeQWpwZ15BbWU3MDAyNjU4MDM@._V1_UY256_CR18,0,172,256_AL_.jpg	$2a$10$LJAoYritiX8EQ2c8l0TWEOEygNlOkl5Dn79WZcYJYv41Lq9.CzkL.	2022-05-24 18:50:53.395187
111	Charlie	Hardy	aspartame110@example.com	https://images-na.ssl-images-amazon.com/images/M/MV5BMTgxNTI3MjcyNV5BMl5BanBnXkFtZTcwNTYwMjAyMg@@._V1_UY256_CR10,0,172,256_AL_.jpg	$2a$10$LJAoYritiX8EQ2c8l0TWEOEygNlOkl5Dn79WZcYJYv41Lq9.CzkL.	2022-05-24 18:50:53.395187
112	Freddy	Stallings	aspartame111@example.com	https://images-na.ssl-images-amazon.com/images/M/MV5BMjA0Mzg2NzEwNF5BMl5BanBnXkFtZTcwMTI0NTgwMw@@._V1_UY256_CR32,0,172,256_AL_.jpg	$2a$10$LJAoYritiX8EQ2c8l0TWEOEygNlOkl5Dn79WZcYJYv41Lq9.CzkL.	2022-05-24 18:50:53.395187
113	Oscar	Sienkiewicz	aspartame112@example.com	https://randomuser.me/api/portraits/men/18.jpg	$2a$10$LJAoYritiX8EQ2c8l0TWEOEygNlOkl5Dn79WZcYJYv41Lq9.CzkL.	2022-05-24 18:50:53.395187
114	Alden	Cole	aspartame113@example.com	https://images-na.ssl-images-amazon.com/images/M/MV5BMTI4NTczNTMzN15BMl5BanBnXkFtZTYwNjYwMzU0._V1_UY256_CR0,0,172,256_AL_.jpg	$2a$10$LJAoYritiX8EQ2c8l0TWEOEygNlOkl5Dn79WZcYJYv41Lq9.CzkL.	2022-05-24 18:50:53.395187
115	Lawrence	Ngo	aspartame114@example.com	https://images.unsplash.com/photo-1549068106-b024baf5062d?ixlib=rb-1.2.1&q=80&fm=jpg&crop=entropy&cs=tinysrgb&w=200&fit=max&ixid=eyJhcHBfaWQiOjE3Nzg0fQ	$2a$10$LJAoYritiX8EQ2c8l0TWEOEygNlOkl5Dn79WZcYJYv41Lq9.CzkL.	2022-05-24 18:50:53.395187
116	Dacre	Vinnod	aspartame115@example.com	https://images-na.ssl-images-amazon.com/images/M/MV5BMTM0OTA0NjU0MV5BMl5BanBnXkFtZTcwMTUzNjk3Nw@@._V1_UY256_CR4,0,172,256_AL_.jpg	$2a$10$LJAoYritiX8EQ2c8l0TWEOEygNlOkl5Dn79WZcYJYv41Lq9.CzkL.	2022-05-24 18:50:53.395187
117	James	Lowndes	aspartame116@example.com	https://randomuser.me/api/portraits/men/59.jpg	$2a$10$LJAoYritiX8EQ2c8l0TWEOEygNlOkl5Dn79WZcYJYv41Lq9.CzkL.	2022-05-24 18:50:53.395187
118	Salma	Highmore	aspartame117@example.com	https://images-na.ssl-images-amazon.com/images/M/MV5BMTg2NzAzNzE5N15BMl5BanBnXkFtZTcwMjMyODM0MQ@@._V1_UY256_CR13,0,172,256_AL_.jpg	$2a$10$LJAoYritiX8EQ2c8l0TWEOEygNlOkl5Dn79WZcYJYv41Lq9.CzkL.	2022-05-24 18:50:53.395187
119	Bill	Meyer	aspartame118@example.com	https://randomuser.me/api/portraits/men/87.jpg	$2a$10$LJAoYritiX8EQ2c8l0TWEOEygNlOkl5Dn79WZcYJYv41Lq9.CzkL.	2022-05-24 18:50:53.395187
120	Michael	Stock	aspartame119@example.com	https://randomuser.me/api/portraits/men/12.jpg	$2a$10$LJAoYritiX8EQ2c8l0TWEOEygNlOkl5Dn79WZcYJYv41Lq9.CzkL.	2022-05-24 18:50:53.395187
121	Dina	Silverman	aspartame120@example.com	https://images-na.ssl-images-amazon.com/images/M/MV5BMjUzZTJmZDItODRjYS00ZGRhLTg2NWQtOGE0YjJhNWVlMjNjXkEyXkFqcGdeQXVyMTg4NDI0NDM@._V1_UY256_CR42,0,172,256_AL_.jpg	$2a$10$LJAoYritiX8EQ2c8l0TWEOEygNlOkl5Dn79WZcYJYv41Lq9.CzkL.	2022-05-24 18:50:53.395187
122	Nicole	Rossum	aspartame121@example.com	https://randomuser.me/api/portraits/women/54.jpg	$2a$10$LJAoYritiX8EQ2c8l0TWEOEygNlOkl5Dn79WZcYJYv41Lq9.CzkL.	2022-05-24 18:50:53.395187
123	Gugu	Dickey	aspartame122@example.com	https://images-na.ssl-images-amazon.com/images/M/MV5BMTQ0MjA1ODU0MV5BMl5BanBnXkFtZTgwNTczNTkwNjE@._V1_UY256_CR8,0,172,256_AL_.jpg	$2a$10$LJAoYritiX8EQ2c8l0TWEOEygNlOkl5Dn79WZcYJYv41Lq9.CzkL.	2022-05-24 18:50:53.395187
124	Grayson	Carano	aspartame123@example.com	https://randomuser.me/api/portraits/men/53.jpg	$2a$10$LJAoYritiX8EQ2c8l0TWEOEygNlOkl5Dn79WZcYJYv41Lq9.CzkL.	2022-05-24 18:50:53.395187
125	Melinda	Kilcher	aspartame124@example.com	https://randomuser.me/api/portraits/women/14.jpg	$2a$10$LJAoYritiX8EQ2c8l0TWEOEygNlOkl5Dn79WZcYJYv41Lq9.CzkL.	2022-05-24 18:50:53.395187
126	Carles	Gosling	aspartame125@example.com	https://randomuser.me/api/portraits/men/64.jpg	$2a$10$LJAoYritiX8EQ2c8l0TWEOEygNlOkl5Dn79WZcYJYv41Lq9.CzkL.	2022-05-24 18:50:53.395187
127	Su	Kaluuya	aspartame126@example.com	https://images-na.ssl-images-amazon.com/images/M/MV5BNzY3ZDUxYTItOWI2My00NmQ5LWI5M2ItZmRlNTZiYTgyYmMyXkEyXkFqcGdeQXVyMTE1MzA3MTI@._V1_UX172_CR0,0,172,256_AL_.jpg	$2a$10$LJAoYritiX8EQ2c8l0TWEOEygNlOkl5Dn79WZcYJYv41Lq9.CzkL.	2022-05-24 18:50:53.395187
128	Xerxes	Tripper	aspartame127@example.com	https://images.unsplash.com/photo-1500649297466-74794c70acfc?ixlib=rb-0.3.5&q=80&fm=jpg&crop=entropy&cs=tinysrgb&w=200&fit=max&s=bfc3d05aa60acb5ef0e58c1ac5eb6463	$2a$10$LJAoYritiX8EQ2c8l0TWEOEygNlOkl5Dn79WZcYJYv41Lq9.CzkL.	2022-05-24 18:50:53.395187
129	Nihal	McKellar	aspartame128@example.com	https://randomuser.me/api/portraits/men/32.jpg	$2a$10$LJAoYritiX8EQ2c8l0TWEOEygNlOkl5Dn79WZcYJYv41Lq9.CzkL.	2022-05-24 18:50:53.395187
130	Chrishell	Hadley	aspartame129@example.com	https://randomuser.me/api/portraits/women/95.jpg	$2a$10$LJAoYritiX8EQ2c8l0TWEOEygNlOkl5Dn79WZcYJYv41Lq9.CzkL.	2022-05-24 18:50:53.395187
131	Alice	DiCaprio	aspartame130@example.com	https://images-na.ssl-images-amazon.com/images/M/MV5BMTU1MDM5NjczOF5BMl5BanBnXkFtZTcwOTY2MDE4OA@@._V1_UY256_CR0,0,172,256_AL_.jpg	$2a$10$LJAoYritiX8EQ2c8l0TWEOEygNlOkl5Dn79WZcYJYv41Lq9.CzkL.	2022-05-24 18:50:53.395187
132	Marco	Holly	aspartame131@example.com	https://images-na.ssl-images-amazon.com/images/M/MV5BMzI3NTYwMzIxM15BMl5BanBnXkFtZTcwMzI1ODY1NA@@._V1_UX172_CR0,0,172,256_AL_.jpg	$2a$10$LJAoYritiX8EQ2c8l0TWEOEygNlOkl5Dn79WZcYJYv41Lq9.CzkL.	2022-05-24 18:50:53.395187
133	Barton	Kelly Dunn	aspartame132@example.com	https://randomuser.me/api/portraits/men/73.jpg	$2a$10$LJAoYritiX8EQ2c8l0TWEOEygNlOkl5Dn79WZcYJYv41Lq9.CzkL.	2022-05-24 18:50:53.395187
134	Gayle	Aniston	aspartame133@example.com	https://m.media-amazon.com/images/M/MV5BNmU3NDRjMDEtNTQ2Ni00ZGZmLTk3ZjUtODUxMjA2NGY4NDg4XkEyXkFqcGdeQXVyMjQzMDM0NDU@._V1_UX172_CR0,0,172,256_AL_.jpg	$2a$10$LJAoYritiX8EQ2c8l0TWEOEygNlOkl5Dn79WZcYJYv41Lq9.CzkL.	2022-05-24 18:50:53.395187
135	Demetri	Hu	aspartame134@example.com	https://images.pexels.com/photos/428328/pexels-photo-428328.jpeg?h=350&auto=compress&cs=tinysrgb	$2a$10$LJAoYritiX8EQ2c8l0TWEOEygNlOkl5Dn79WZcYJYv41Lq9.CzkL.	2022-05-24 18:50:53.395187
136	Jack	Doreau	aspartame135@example.com	https://images.unsplash.com/photo-1506803682981-6e718a9dd3ee?ixlib=rb-0.3.5&q=80&fm=jpg&crop=entropy&cs=tinysrgb&w=200&fit=max&s=c3a31eeb7efb4d533647e3cad1de9257	$2a$10$LJAoYritiX8EQ2c8l0TWEOEygNlOkl5Dn79WZcYJYv41Lq9.CzkL.	2022-05-24 18:50:53.395187
137	Polly	Greene	aspartame136@example.com	https://images-na.ssl-images-amazon.com/images/M/MV5BMTgxNDcwMzU2Nl5BMl5BanBnXkFtZTcwNDc4NzkzOQ@@._V1_UY256_CR10,0,172,256_AL_.jpg	$2a$10$LJAoYritiX8EQ2c8l0TWEOEygNlOkl5Dn79WZcYJYv41Lq9.CzkL.	2022-05-24 18:50:53.395187
138	Stu	Carson	aspartame137@example.com	https://randomuser.me/api/portraits/men/42.jpg	$2a$10$LJAoYritiX8EQ2c8l0TWEOEygNlOkl5Dn79WZcYJYv41Lq9.CzkL.	2022-05-24 18:50:53.395187
139	Alexis	Hanks	aspartame138@example.com	https://randomuser.me/api/portraits/men/70.jpg	$2a$10$LJAoYritiX8EQ2c8l0TWEOEygNlOkl5Dn79WZcYJYv41Lq9.CzkL.	2022-05-24 18:50:53.395187
140	Sasha	Affleck	aspartame139@example.com	https://m.media-amazon.com/images/M/MV5BMjIzOTI4MDAzNV5BMl5BanBnXkFtZTcwNDk4MzYxNw@@._V1_UY256_CR4,0,172,256_AL_.jpg	$2a$10$LJAoYritiX8EQ2c8l0TWEOEygNlOkl5Dn79WZcYJYv41Lq9.CzkL.	2022-05-24 18:50:53.395187
141	Thea	Thomson	aspartame140@example.com	https://images-na.ssl-images-amazon.com/images/M/MV5BMTcxOTc0MDgzNV5BMl5BanBnXkFtZTcwODUyNDU5Ng@@._V1_UX172_CR0,0,172,256_AL_.jpg	$2a$10$LJAoYritiX8EQ2c8l0TWEOEygNlOkl5Dn79WZcYJYv41Lq9.CzkL.	2022-05-24 18:50:53.395187
142	Randolph	Debicki	aspartame141@example.com	https://images.unsplash.com/photo-1542345812-d98b5cd6cf98?ixlib=rb-1.2.1&q=80&fm=jpg&crop=entropy&cs=tinysrgb&w=200&fit=max&ixid=eyJhcHBfaWQiOjE3Nzg0fQ	$2a$10$LJAoYritiX8EQ2c8l0TWEOEygNlOkl5Dn79WZcYJYv41Lq9.CzkL.	2022-05-24 18:50:53.395187
143	Daria	Duke	aspartame142@example.com	https://images-na.ssl-images-amazon.com/images/M/MV5BMjE5Mjk4NDAyN15BMl5BanBnXkFtZTcwMDMyMDY1OA@@._V1_UY256_CR101,0,172,256_AL_.jpg	$2a$10$LJAoYritiX8EQ2c8l0TWEOEygNlOkl5Dn79WZcYJYv41Lq9.CzkL.	2022-05-24 18:50:53.395187
144	Max	Krasinski	aspartame143@example.com	https://m.media-amazon.com/images/M/MV5BMTk1MjM3NTU5M15BMl5BanBnXkFtZTcwMTMyMjAyMg@@._V1_UY256_CR11,0,172,256_AL_.jpg	$2a$10$LJAoYritiX8EQ2c8l0TWEOEygNlOkl5Dn79WZcYJYv41Lq9.CzkL.	2022-05-24 18:50:53.395187
145	Ralph	Bassett	aspartame144@example.com	https://images-na.ssl-images-amazon.com/images/M/MV5BODRjNTA0NzEtMjgzNC00NWQ0LTgzNDctZDM0NDZiMWNhYjU0XkEyXkFqcGdeQXVyMjQwMDg0Ng@@._V1_UX172_CR0,0,172,256_AL_.jpg	$2a$10$LJAoYritiX8EQ2c8l0TWEOEygNlOkl5Dn79WZcYJYv41Lq9.CzkL.	2022-05-24 18:50:53.395187
146	Elizabeth	Higareda	aspartame145@example.com	https://images-na.ssl-images-amazon.com/images/M/MV5BMTM1ODQyOTU1MV5BMl5BanBnXkFtZTcwMDY5MjE3MQ@@._V1_UY256_CR5,0,172,256_AL_.jpg	$2a$10$LJAoYritiX8EQ2c8l0TWEOEygNlOkl5Dn79WZcYJYv41Lq9.CzkL.	2022-05-24 18:50:53.395187
147	Alyana	O'Connell	aspartame146@example.com	https://images-na.ssl-images-amazon.com/images/M/MV5BYmI1ODQ0MzktZjgwZi00NGE4LTkzZDktMDllOTZiMTEyY2Y1XkEyXkFqcGdeQXVyMTg4Mzc5MDE@._V1_UX172_CR0,0,172,256_AL_.jpg	$2a$10$LJAoYritiX8EQ2c8l0TWEOEygNlOkl5Dn79WZcYJYv41Lq9.CzkL.	2022-05-24 18:50:53.395187
148	Reyna	Bernard	aspartame147@example.com	https://images.unsplash.com/photo-1502033303885-c6e0280a4f5c?ixlib=rb-0.3.5&q=80&fm=jpg&crop=entropy&cs=tinysrgb&w=200&fit=max&s=9be99762d86ae47ab59690f72d984be6	$2a$10$LJAoYritiX8EQ2c8l0TWEOEygNlOkl5Dn79WZcYJYv41Lq9.CzkL.	2022-05-24 18:50:53.395187
149	Lauren	Gillan	aspartame148@example.com	https://images.unsplash.com/photo-1546539782-6fc531453083?ixlib=rb-1.2.1&q=80&fm=jpg&crop=entropy&cs=tinysrgb&w=200&fit=max&ixid=eyJhcHBfaWQiOjE3Nzg0fQ	$2a$10$LJAoYritiX8EQ2c8l0TWEOEygNlOkl5Dn79WZcYJYv41Lq9.CzkL.	2022-05-24 18:50:53.395187
150	Linda	Seppanen	aspartame149@example.com	https://images-na.ssl-images-amazon.com/images/M/MV5BMTkzMDY1NDk5MV5BMl5BanBnXkFtZTgwNTMxNzIyOTE@._V1_UY256_CR42,0,172,256_AL_.jpg	$2a$10$LJAoYritiX8EQ2c8l0TWEOEygNlOkl5Dn79WZcYJYv41Lq9.CzkL.	2022-05-24 18:50:53.395187
151	Alex	Hildebrand	aspartame150@example.com	https://images.unsplash.com/photo-1546456073-6712f79251bb?ixlib=rb-1.2.1&q=80&fm=jpg&crop=entropy&cs=tinysrgb&w=200&fit=max&ixid=eyJhcHBfaWQiOjE3Nzg0fQ	$2a$10$LJAoYritiX8EQ2c8l0TWEOEygNlOkl5Dn79WZcYJYv41Lq9.CzkL.	2022-05-24 18:50:53.395187
152	Rafael	Wright	aspartame151@example.com	https://images.unsplash.com/photo-1544348817-5f2cf14b88c8?ixlib=rb-1.2.1&q=80&fm=jpg&crop=entropy&cs=tinysrgb&w=200&fit=max&ixid=eyJhcHBfaWQiOjE3Nzg0fQ	$2a$10$LJAoYritiX8EQ2c8l0TWEOEygNlOkl5Dn79WZcYJYv41Lq9.CzkL.	2022-05-24 18:50:53.395187
153	Jim	Hunter	aspartame152@example.com	https://m.media-amazon.com/images/M/MV5BNGIwMDVkNjktMzM3MC00ZmZmLTg3ZDYtZGEzZjU5NDI3ZTkyXkEyXkFqcGdeQXVyNTcxNDk1MA@@._V1_UX172_CR0,0,172,256_AL_.jpg	$2a$10$LJAoYritiX8EQ2c8l0TWEOEygNlOkl5Dn79WZcYJYv41Lq9.CzkL.	2022-05-24 18:50:53.395187
154	Eli	Myles	aspartame153@example.com	https://images-na.ssl-images-amazon.com/images/M/MV5BMjEyNDUxOTAzNF5BMl5BanBnXkFtZTgwMjc3OTIxMjE@._V1_UY256_CR16,0,172,256_AL_.jpg	$2a$10$LJAoYritiX8EQ2c8l0TWEOEygNlOkl5Dn79WZcYJYv41Lq9.CzkL.	2022-05-24 18:50:53.395187
155	Rodrigo	Thomas	aspartame154@example.com	https://images.unsplash.com/photo-1463453091185-61582044d556?ixlib=rb-0.3.5&q=80&fm=jpg&crop=entropy&cs=tinysrgb&w=200&fit=max&s=73a9df4b7bd1b330db1e903e08575ec1	$2a$10$LJAoYritiX8EQ2c8l0TWEOEygNlOkl5Dn79WZcYJYv41Lq9.CzkL.	2022-05-24 18:50:53.395187
156	Trip	Bertrand	aspartame155@example.com	https://images-na.ssl-images-amazon.com/images/M/MV5BMjEzMjczOTQ1NF5BMl5BanBnXkFtZTcwMzI2NzYyMQ@@._V1_UY256_CR5,0,172,256_AL_.jpg	$2a$10$LJAoYritiX8EQ2c8l0TWEOEygNlOkl5Dn79WZcYJYv41Lq9.CzkL.	2022-05-24 18:50:53.395187
157	Davina	Ting	aspartame156@example.com	https://images-na.ssl-images-amazon.com/images/M/MV5BMjAwMzc5OTEzOF5BMl5BanBnXkFtZTgwMDc5ODU3MTE@._V1_UX172_CR0,0,172,256_AL_.jpg	$2a$10$LJAoYritiX8EQ2c8l0TWEOEygNlOkl5Dn79WZcYJYv41Lq9.CzkL.	2022-05-24 18:50:53.395187
158	Corey	Rickard	aspartame157@example.com	https://m.media-amazon.com/images/M/MV5BMTI5MTU5NjM1MV5BMl5BanBnXkFtZTcwODc4MDk0Mw@@._V1_UX172_CR0,0,172,256_AL_.jpg	$2a$10$LJAoYritiX8EQ2c8l0TWEOEygNlOkl5Dn79WZcYJYv41Lq9.CzkL.	2022-05-24 18:50:53.395187
159	Alexis	Hathaway	aspartame158@example.com	https://m.media-amazon.com/images/M/MV5BMjUzZTJmZDItODRjYS00ZGRhLTg2NWQtOGE0YjJhNWVlMjNjXkEyXkFqcGdeQXVyMTg4NDI0NDM@._V1_UY256_CR42,0,172,256_AL_.jpg	$2a$10$LJAoYritiX8EQ2c8l0TWEOEygNlOkl5Dn79WZcYJYv41Lq9.CzkL.	2022-05-24 18:50:53.395187
160	Kelli	Holmes	aspartame159@example.com	https://randomuser.me/api/portraits/women/76.jpg	$2a$10$LJAoYritiX8EQ2c8l0TWEOEygNlOkl5Dn79WZcYJYv41Lq9.CzkL.	2022-05-24 18:50:53.395187
161	Henry	Pieterse	aspartame160@example.com	https://randomuser.me/api/portraits/men/61.jpg	$2a$10$LJAoYritiX8EQ2c8l0TWEOEygNlOkl5Dn79WZcYJYv41Lq9.CzkL.	2022-05-24 18:50:53.395187
162	Lew	Patel	aspartame161@example.com	https://m.media-amazon.com/images/M/MV5BOTE0MjI2NDczMl5BMl5BanBnXkFtZTcwMTgwMDgyMg@@._V1_UY256_CR2,0,172,256_AL_.jpg	$2a$10$LJAoYritiX8EQ2c8l0TWEOEygNlOkl5Dn79WZcYJYv41Lq9.CzkL.	2022-05-24 18:50:53.395187
163	Eliana	Vargas	aspartame162@example.com	https://images-na.ssl-images-amazon.com/images/M/MV5BMTgyNTA0ODk5Ml5BMl5BanBnXkFtZTgwNjAyMTI3NjE@._V1_UY256_CR15,0,172,256_AL_.jpg	$2a$10$LJAoYritiX8EQ2c8l0TWEOEygNlOkl5Dn79WZcYJYv41Lq9.CzkL.	2022-05-24 18:50:53.395187
164	Merritt	Fried	aspartame163@example.com	https://images-na.ssl-images-amazon.com/images/M/MV5BNTA2NjY5OTkzNl5BMl5BanBnXkFtZTcwMDE2NTkxNA@@._V1_UX172_CR0,0,172,256_AL_.jpg	$2a$10$LJAoYritiX8EQ2c8l0TWEOEygNlOkl5Dn79WZcYJYv41Lq9.CzkL.	2022-05-24 18:50:53.395187
165	Bobby	Keller	aspartame164@example.com	https://randomuser.me/api/portraits/men/67.jpg	$2a$10$LJAoYritiX8EQ2c8l0TWEOEygNlOkl5Dn79WZcYJYv41Lq9.CzkL.	2022-05-24 18:50:53.395187
166	Brad	Valenzuela	aspartame165@example.com	https://randomuser.me/api/portraits/men/79.jpg	$2a$10$LJAoYritiX8EQ2c8l0TWEOEygNlOkl5Dn79WZcYJYv41Lq9.CzkL.	2022-05-24 18:50:53.395187
167	Milla	Munn	aspartame166@example.com	https://randomuser.me/api/portraits/women/91.jpg	$2a$10$LJAoYritiX8EQ2c8l0TWEOEygNlOkl5Dn79WZcYJYv41Lq9.CzkL.	2022-05-24 18:50:53.395187
168	Emilia	Nagy	aspartame167@example.com	https://images-na.ssl-images-amazon.com/images/M/MV5BMTY3Mzk0NjE4OF5BMl5BanBnXkFtZTYwNzM0MzQ2._V1_UY256_CR19,0,172,256_AL_.jpg	$2a$10$LJAoYritiX8EQ2c8l0TWEOEygNlOkl5Dn79WZcYJYv41Lq9.CzkL.	2022-05-24 18:50:53.395187
169	Bijou	Pine	aspartame168@example.com	https://m.media-amazon.com/images/M/MV5BNjIzNzIxMjI0MF5BMl5BanBnXkFtZTcwODk3NDA5Mg@@._V1_UY256_CR4,0,172,256_AL_.jpg	$2a$10$LJAoYritiX8EQ2c8l0TWEOEygNlOkl5Dn79WZcYJYv41Lq9.CzkL.	2022-05-24 18:50:53.395187
170	Danforth	Morris	aspartame169@example.com	https://images-na.ssl-images-amazon.com/images/M/MV5BMjMzNjg4OTI2NF5BMl5BanBnXkFtZTgwODAzNDMwOTE@._V1_UY256_CR0,0,172,256_AL_.jpg	$2a$10$LJAoYritiX8EQ2c8l0TWEOEygNlOkl5Dn79WZcYJYv41Lq9.CzkL.	2022-05-24 18:50:53.395187
171	Tamsin	Hudson	aspartame170@example.com	https://images.unsplash.com/photo-1545983731-23d840edc3b6?ixlib=rb-1.2.1&q=80&fm=jpg&crop=entropy&cs=tinysrgb&w=200&fit=max&ixid=eyJhcHBfaWQiOjE3Nzg0fQ	$2a$10$LJAoYritiX8EQ2c8l0TWEOEygNlOkl5Dn79WZcYJYv41Lq9.CzkL.	2022-05-24 18:50:53.395187
172	Luis	Peura	aspartame171@example.com	https://randomuser.me/api/portraits/men/51.jpg	$2a$10$LJAoYritiX8EQ2c8l0TWEOEygNlOkl5Dn79WZcYJYv41Lq9.CzkL.	2022-05-24 18:50:53.395187
173	Ronnie	Gardner	aspartame172@example.com	https://images-na.ssl-images-amazon.com/images/M/MV5BMjA2NTk3MTIxMV5BMl5BanBnXkFtZTgwMDYyMjQ1OTE@._V1_UY256_CR3,0,172,256_AL_.jpg	$2a$10$LJAoYritiX8EQ2c8l0TWEOEygNlOkl5Dn79WZcYJYv41Lq9.CzkL.	2022-05-24 18:50:53.395187
174	Stefanie	Jones	aspartame173@example.com	https://images.pexels.com/photos/458718/pexels-photo-458718.jpeg?h=350&auto=compress&cs=tinysrgb	$2a$10$LJAoYritiX8EQ2c8l0TWEOEygNlOkl5Dn79WZcYJYv41Lq9.CzkL.	2022-05-24 18:50:53.395187
175	Bob	Blake	aspartame174@example.com	https://randomuser.me/api/portraits/men/56.jpg	$2a$10$LJAoYritiX8EQ2c8l0TWEOEygNlOkl5Dn79WZcYJYv41Lq9.CzkL.	2022-05-24 18:50:53.395187
176	Vin	Brook	aspartame175@example.com	https://randomuser.me/api/portraits/men/92.jpg	$2a$10$LJAoYritiX8EQ2c8l0TWEOEygNlOkl5Dn79WZcYJYv41Lq9.CzkL.	2022-05-24 18:50:53.395187
177	Jess	Ricci	aspartame176@example.com	https://images.unsplash.com/photo-1502937406922-305bb2789e95?ixlib=rb-0.3.5&q=80&fm=jpg&crop=entropy&cs=tinysrgb&w=200&fit=max&s=9ccf7504e3c56169185184198f642dcf	$2a$10$LJAoYritiX8EQ2c8l0TWEOEygNlOkl5Dn79WZcYJYv41Lq9.CzkL.	2022-05-24 18:50:53.395187
178	Ira	Dever	aspartame177@example.com	https://randomuser.me/api/portraits/men/96.jpg	$2a$10$LJAoYritiX8EQ2c8l0TWEOEygNlOkl5Dn79WZcYJYv41Lq9.CzkL.	2022-05-24 18:50:53.395187
179	Bella	Snow	aspartame178@example.com	https://images.unsplash.com/photo-1542142860-60fbdf26b2d7?ixlib=rb-1.2.1&q=80&fm=jpg&crop=entropy&cs=tinysrgb&w=200&fit=max&ixid=eyJhcHBfaWQiOjE3Nzg0fQ	$2a$10$LJAoYritiX8EQ2c8l0TWEOEygNlOkl5Dn79WZcYJYv41Lq9.CzkL.	2022-05-24 18:50:53.395187
180	Anne	Sweeney	aspartame179@example.com	https://images-na.ssl-images-amazon.com/images/M/MV5BMTUxNDY4MTMzM15BMl5BanBnXkFtZTcwMjg5NzM2Ng@@._V1_UX172_CR0,0,172,256_AL_.jpg	$2a$10$LJAoYritiX8EQ2c8l0TWEOEygNlOkl5Dn79WZcYJYv41Lq9.CzkL.	2022-05-24 18:50:53.395187
181	Lucy	Boynton	aspartame180@example.com	https://m.media-amazon.com/images/M/MV5BMTM2NzI3NTU5Nl5BMl5BanBnXkFtZTcwODkxODAwNA@@._V1_UY256_CR9,0,172,256_AL_.jpg	$2a$10$LJAoYritiX8EQ2c8l0TWEOEygNlOkl5Dn79WZcYJYv41Lq9.CzkL.	2022-05-24 18:50:53.395187
182	Carrie	Khan	aspartame181@example.com	https://images-na.ssl-images-amazon.com/images/M/MV5BMTgyODE1Mjg4NF5BMl5BanBnXkFtZTcwMTE5MjQ1Nw@@._V1_UY256_CR18,0,172,256_AL_.jpg	$2a$10$LJAoYritiX8EQ2c8l0TWEOEygNlOkl5Dn79WZcYJYv41Lq9.CzkL.	2022-05-24 18:50:53.395187
183	Sophia	Colon	aspartame182@example.com	https://images.unsplash.com/photo-1548142813-c348350df52b?ixlib=rb-1.2.1&q=80&fm=jpg&crop=entropy&cs=tinysrgb&w=200&fit=max&ixid=eyJhcHBfaWQiOjE3Nzg0fQ	$2a$10$LJAoYritiX8EQ2c8l0TWEOEygNlOkl5Dn79WZcYJYv41Lq9.CzkL.	2022-05-24 18:50:53.395187
184	Zachary	Hawkins	aspartame183@example.com	https://images.unsplash.com/photo-1542624937-8d1e9f53c1b9?ixlib=rb-1.2.1&q=80&fm=jpg&crop=entropy&cs=tinysrgb&w=200&fit=max&ixid=eyJhcHBfaWQiOjE3Nzg0fQ	$2a$10$LJAoYritiX8EQ2c8l0TWEOEygNlOkl5Dn79WZcYJYv41Lq9.CzkL.	2022-05-24 18:50:53.395187
185	Jordy	Fanning	aspartame184@example.com	https://images.unsplash.com/photo-1456327102063-fb5054efe647?ixlib=rb-0.3.5&q=80&fm=jpg&crop=entropy&cs=tinysrgb&w=200&fit=max&s=f05c14dd4db49f08a789e6449604c490	$2a$10$LJAoYritiX8EQ2c8l0TWEOEygNlOkl5Dn79WZcYJYv41Lq9.CzkL.	2022-05-24 18:50:53.395187
186	Taika	Faris	aspartame185@example.com	https://m.media-amazon.com/images/M/MV5BMjI0MTg3MzI0M15BMl5BanBnXkFtZTcwMzQyODU2Mw@@._V1_UY256_CR9,0,172,256_AL_.jpg	$2a$10$LJAoYritiX8EQ2c8l0TWEOEygNlOkl5Dn79WZcYJYv41Lq9.CzkL.	2022-05-24 18:50:53.395187
187	Gabrielle	Fontai	aspartame186@example.com	https://images.unsplash.com/photo-1509868918748-a554ad25f858?ixlib=rb-0.3.5&q=80&fm=jpg&crop=entropy&cs=tinysrgb&w=200&fit=max&s=3159ec467959b2aada4b75d565c270aa	$2a$10$LJAoYritiX8EQ2c8l0TWEOEygNlOkl5Dn79WZcYJYv41Lq9.CzkL.	2022-05-24 18:50:53.395187
188	Goldie	Conner	aspartame187@example.com	https://m.media-amazon.com/images/M/MV5BMzI5NDIzNTQ1Nl5BMl5BanBnXkFtZTgwMjQ0Mzc1MTE@._V1_UY256_CR4,0,172,256_AL_.jpg	$2a$10$LJAoYritiX8EQ2c8l0TWEOEygNlOkl5Dn79WZcYJYv41Lq9.CzkL.	2022-05-24 18:50:53.395187
189	Adam	Cooke	aspartame188@example.com	https://randomuser.me/api/portraits/men/10.jpg	$2a$10$LJAoYritiX8EQ2c8l0TWEOEygNlOkl5Dn79WZcYJYv41Lq9.CzkL.	2022-05-24 18:50:53.395187
190	Richard	Richards	aspartame189@example.com	https://images-na.ssl-images-amazon.com/images/M/MV5BMTc2MTM2MjQ3OF5BMl5BanBnXkFtZTcwNDU4NDIxOQ@@._V1_UX172_CR0,0,172,256_AL_.jpg	$2a$10$LJAoYritiX8EQ2c8l0TWEOEygNlOkl5Dn79WZcYJYv41Lq9.CzkL.	2022-05-24 18:50:53.395187
191	Ella	Kemp	aspartame190@example.com	https://images-na.ssl-images-amazon.com/images/M/MV5BMTEwMTYyOTU2ODdeQTJeQWpwZ15BbWU3MDAwNzM5NTY@._V1_UY256_CR10,0,172,256_AL_.jpg	$2a$10$LJAoYritiX8EQ2c8l0TWEOEygNlOkl5Dn79WZcYJYv41Lq9.CzkL.	2022-05-24 18:50:53.395187
192	Juliette	Theron	aspartame191@example.com	https://images-na.ssl-images-amazon.com/images/M/MV5BMTgzMDk3MjI4OF5BMl5BanBnXkFtZTgwMzQxMDY5NjE@._V1_UY256_CR16,0,172,256_AL_.jpg	$2a$10$LJAoYritiX8EQ2c8l0TWEOEygNlOkl5Dn79WZcYJYv41Lq9.CzkL.	2022-05-24 18:50:53.395187
193	Gracelyn	Lamb	aspartame192@example.com	https://images.unsplash.com/photo-1506089676908-3592f7389d4d?ixlib=rb-0.3.5&q=80&fm=jpg&crop=entropy&cs=tinysrgb&w=200&fit=max&s=b0858af1af6f68b62860e303bad8b39e	$2a$10$LJAoYritiX8EQ2c8l0TWEOEygNlOkl5Dn79WZcYJYv41Lq9.CzkL.	2022-05-24 18:50:53.395187
194	Bonnie	Evans	aspartame193@example.com	https://images.unsplash.com/photo-1544005313-94ddf0286df2?ixlib=rb-1.2.1&q=80&fm=jpg&crop=entropy&cs=tinysrgb&w=200&fit=max&ixid=eyJhcHBfaWQiOjE3Nzg0fQ	$2a$10$LJAoYritiX8EQ2c8l0TWEOEygNlOkl5Dn79WZcYJYv41Lq9.CzkL.	2022-05-24 18:50:53.395187
195	Lucian	Hoeks	aspartame194@example.com	https://images.unsplash.com/photo-1503593245033-a040be3f3c82?ixlib=rb-1.2.1&q=80&fm=jpg&crop=entropy&cs=tinysrgb&w=200&fit=max&ixid=eyJhcHBfaWQiOjE3Nzg0fQ	$2a$10$LJAoYritiX8EQ2c8l0TWEOEygNlOkl5Dn79WZcYJYv41Lq9.CzkL.	2022-05-24 18:50:53.395187
196	Patrice	Swan	aspartame195@example.com	https://images.unsplash.com/photo-1544501616-6c71ff5438ec?ixlib=rb-1.2.1&q=80&fm=jpg&crop=entropy&cs=tinysrgb&w=200&fit=max&ixid=eyJhcHBfaWQiOjE3Nzg0fQ	$2a$10$LJAoYritiX8EQ2c8l0TWEOEygNlOkl5Dn79WZcYJYv41Lq9.CzkL.	2022-05-24 18:50:53.395187
197	Steven	McHugh	aspartame196@example.com	https://images.unsplash.com/photo-1551617405-f1fc4bcd9f25?ixlib=rb-1.2.1&q=80&fm=jpg&crop=entropy&cs=tinysrgb&w=200&fit=max&ixid=eyJhcHBfaWQiOjE3Nzg0fQ	$2a$10$LJAoYritiX8EQ2c8l0TWEOEygNlOkl5Dn79WZcYJYv41Lq9.CzkL.	2022-05-24 18:50:53.395187
198	Martha	Berthelsen	aspartame197@example.com	https://images-na.ssl-images-amazon.com/images/M/MV5BMTUyNDQ0Mzg3NV5BMl5BanBnXkFtZTcwNzQzNzcwNA@@._V1_UY256_CR7,0,172,256_AL_.jpg	$2a$10$LJAoYritiX8EQ2c8l0TWEOEygNlOkl5Dn79WZcYJYv41Lq9.CzkL.	2022-05-24 18:50:53.395187
199	Kelly	Patterson	aspartame198@example.com	https://m.media-amazon.com/images/M/MV5BOTY5ZGE5ZjItOGMwMi00NWUxLWI0NTctYzgxM2MxOTcwMzViXkEyXkFqcGdeQXVyMjQwMDg0Ng@@._V1_UY256_CR15,0,172,256_AL_.jpg	$2a$10$LJAoYritiX8EQ2c8l0TWEOEygNlOkl5Dn79WZcYJYv41Lq9.CzkL.	2022-05-24 18:50:53.395187
200	Brie	Martin-Green	aspartame199@example.com	https://images.unsplash.com/photo-1549442523-5426dd4c73af?ixlib=rb-1.2.1&q=80&fm=jpg&crop=entropy&cs=tinysrgb&w=200&fit=max&ixid=eyJhcHBfaWQiOjE3Nzg0fQ	$2a$10$LJAoYritiX8EQ2c8l0TWEOEygNlOkl5Dn79WZcYJYv41Lq9.CzkL.	2022-05-24 18:50:53.395187
201	Lucian	jo	ma@ma.com	\N	jwekfwekf	2022-05-27 08:45:14.967523
202	Juan 	Perez	ju@an.com	https://s3.amazonaws.com/spicedling/g6TEiA2_Y3dcjVGv4k-Lm4ziHbktgUzC.png	$2a$10$dBGzFonwCMlIlbjzFBUEIe9S1Q6rpKTfJkljN82jEEldYR6/QRzsy	2022-05-31 14:27:38.325085
203	Keith	Jarrett	keith@keith.com	https://s3.amazonaws.com/spicedling/CsqOEt5Nm6W-7OUHyshSXUEi6vjJi5Sk.png	$2a$10$d/X/TYBA7eclXJ6Fgyz6oerpjLIc6GeE2I.HVX2E4b1HdvTij.In.	2022-06-01 13:16:24.057375
204	Pedro	Aznar	pedro@pedro.com	https://s3.amazonaws.com/spicedling/RxKirMFQJz6Gl1crzhn5NtcV6OAGbjeo.png	$2a$10$pkIBh6SX186lqQxYbh0jQeACJhCx1mNoyhPrm.h8hxQdeWvyZ8Nzu	2022-06-01 13:51:18.517119
205	Carter	Beauford	carter@carter.com	https://s3.amazonaws.com/spicedling/0w0OUGTNqRP2P-3fxzkUe9Jo3bI8yvmu.png	$2a$10$W/4a5v9t9R8IdesQ1PlfYOnNwo2yLXAUxAJz9HPJozham6rpTnCsO	2022-06-01 14:35:46.847123
206	Leon	Puentes	leon@leon.com	https://s3.amazonaws.com/spicedling/zzsS3T5jV4gyzWis2u1bDge5Iu-xdo8P.png	$2a$10$owNLyE2dToi4.8i/F/2B8.QJWCYGprYKKpFnCkTxvNFQElI9E6Ot2	2022-06-01 16:12:33.085523
207	Ander	Paak	paak@paak.com	https://s3.amazonaws.com/spicedling/QYiGa3Hi7YU1-zgO84kHm3Dyr2_v7uLl.png	$2a$10$DQuLt0Cks/BAaH1y3BbFLuq.u7kY90.6bBAxroP6/6ufWrbffB2XG	2022-06-01 16:28:00.926803
208	Phoebe 	Bridges	phoebe@phoebe.com	https://s3.amazonaws.com/spicedling/TP1zO5HJkjONZAtpXgFLwoRATB2aIIhc.png	$2a$10$/7lhlE.KMcsWM/NKC3b.qOYfAm65Klzian0Qo38A/8tX9tMVSY756	2022-06-01 16:47:34.451299
209	Lianne	Le Havas	lianne@lianne.com	https://s3.amazonaws.com/spicedling/y4TehiPdRvtuIu9wQZp9bSTkbRacHbeB.png	$2a$10$6aSAQL/ZxQj3Si4MVKB6lOV6SHqyGZMgI.PIoEieBvIG1MBVauhz6	2022-06-01 16:53:35.960214
210	Joy	Denalane	denalane@denalane.com	https://s3.amazonaws.com/spicedling/YBMVZWFxkULetswQ6Jp4047HW-dptxbA.png	$2a$10$8/748IG1A7bGQtUh..aU5uIUW5alNk.ANHsgoZVitjh05X6LiEDHu	2022-06-01 17:55:42.332991
211	Sol	Liebeskind	liebeskind@liebeskind.com	https://s3.amazonaws.com/spicedling/F-pPytPLxg5xnnV84gn2dXG6ExYjbmqO.png	$2a$10$BC6YpQFI9B/UIeGiRMt6YO0EH.8w8TNksydJfxCGzb7F8l0eeeTuu	2022-06-01 18:07:44.014331
212	Fabio	Cad	fabio@fabio.com	https://s3.amazonaws.com/spicedling/YOhUxXYFV8aKIKGAnNeHBC7h37PKOokV.png	$2a$10$kAp9nvzGrfsezQJ2ReI9S.umx80HFT36ay9IwQ/qQXswEISKDzhx.	2022-06-02 12:04:12.197414
\.


--
-- Name: artists_id_seq; Type: SEQUENCE SET; Schema: public; Owner: postgres
--

SELECT pg_catalog.setval('public.artists_id_seq', 23, true);


--
-- Name: favorites_id_seq; Type: SEQUENCE SET; Schema: public; Owner: postgres
--

SELECT pg_catalog.setval('public.favorites_id_seq', 121, true);


--
-- Name: gencodes_id_seq; Type: SEQUENCE SET; Schema: public; Owner: postgres
--

SELECT pg_catalog.setval('public.gencodes_id_seq', 1, false);


--
-- Name: messages_id_seq; Type: SEQUENCE SET; Schema: public; Owner: postgres
--

SELECT pg_catalog.setval('public.messages_id_seq', 74, true);


--
-- Name: rating_id_seq; Type: SEQUENCE SET; Schema: public; Owner: postgres
--

SELECT pg_catalog.setval('public.rating_id_seq', 2, true);


--
-- Name: ratings_id_seq; Type: SEQUENCE SET; Schema: public; Owner: postgres
--

SELECT pg_catalog.setval('public.ratings_id_seq', 17, true);


--
-- Name: tags_id_seq; Type: SEQUENCE SET; Schema: public; Owner: postgres
--

SELECT pg_catalog.setval('public.tags_id_seq', 215, true);


--
-- Name: users_id_seq; Type: SEQUENCE SET; Schema: public; Owner: postgres
--

SELECT pg_catalog.setval('public.users_id_seq', 212, true);


--
-- Name: artists artists_artist_id_key; Type: CONSTRAINT; Schema: public; Owner: postgres
--

ALTER TABLE ONLY public.artists
    ADD CONSTRAINT artists_artist_id_key UNIQUE (artist_id);


--
-- Name: artists artists_pkey; Type: CONSTRAINT; Schema: public; Owner: postgres
--

ALTER TABLE ONLY public.artists
    ADD CONSTRAINT artists_pkey PRIMARY KEY (id);


--
-- Name: favorites favorites_pkey; Type: CONSTRAINT; Schema: public; Owner: postgres
--

ALTER TABLE ONLY public.favorites
    ADD CONSTRAINT favorites_pkey PRIMARY KEY (id);


--
-- Name: gencodes gencodes_pkey; Type: CONSTRAINT; Schema: public; Owner: postgres
--

ALTER TABLE ONLY public.gencodes
    ADD CONSTRAINT gencodes_pkey PRIMARY KEY (id);


--
-- Name: messages messages_pkey; Type: CONSTRAINT; Schema: public; Owner: postgres
--

ALTER TABLE ONLY public.messages
    ADD CONSTRAINT messages_pkey PRIMARY KEY (id);


--
-- Name: rating rating_pkey; Type: CONSTRAINT; Schema: public; Owner: postgres
--

ALTER TABLE ONLY public.rating
    ADD CONSTRAINT rating_pkey PRIMARY KEY (id);


--
-- Name: ratings ratings_pkey; Type: CONSTRAINT; Schema: public; Owner: postgres
--

ALTER TABLE ONLY public.ratings
    ADD CONSTRAINT ratings_pkey PRIMARY KEY (id);


--
-- Name: tags tags_pkey; Type: CONSTRAINT; Schema: public; Owner: postgres
--

ALTER TABLE ONLY public.tags
    ADD CONSTRAINT tags_pkey PRIMARY KEY (id);


--
-- Name: users users_email_key; Type: CONSTRAINT; Schema: public; Owner: postgres
--

ALTER TABLE ONLY public.users
    ADD CONSTRAINT users_email_key UNIQUE (email);


--
-- Name: users users_pkey; Type: CONSTRAINT; Schema: public; Owner: postgres
--

ALTER TABLE ONLY public.users
    ADD CONSTRAINT users_pkey PRIMARY KEY (id);


--
-- Name: artists artists_artist_id_fkey; Type: FK CONSTRAINT; Schema: public; Owner: postgres
--

ALTER TABLE ONLY public.artists
    ADD CONSTRAINT artists_artist_id_fkey FOREIGN KEY (artist_id) REFERENCES public.users(id);


--
-- Name: favorites favorites_artist_fkey; Type: FK CONSTRAINT; Schema: public; Owner: postgres
--

ALTER TABLE ONLY public.favorites
    ADD CONSTRAINT favorites_artist_fkey FOREIGN KEY (artist) REFERENCES public.artists(artist_id);


--
-- Name: favorites favorites_sender_id_fkey; Type: FK CONSTRAINT; Schema: public; Owner: postgres
--

ALTER TABLE ONLY public.favorites
    ADD CONSTRAINT favorites_sender_id_fkey FOREIGN KEY (sender_id) REFERENCES public.users(id);


--
-- Name: messages messages_artist_fkey; Type: FK CONSTRAINT; Schema: public; Owner: postgres
--

ALTER TABLE ONLY public.messages
    ADD CONSTRAINT messages_artist_fkey FOREIGN KEY (artist) REFERENCES public.artists(artist_id);


--
-- Name: messages messages_recipient_id_fkey; Type: FK CONSTRAINT; Schema: public; Owner: postgres
--

ALTER TABLE ONLY public.messages
    ADD CONSTRAINT messages_recipient_id_fkey FOREIGN KEY (recipient_id) REFERENCES public.users(id);


--
-- Name: messages messages_sender_id_fkey; Type: FK CONSTRAINT; Schema: public; Owner: postgres
--

ALTER TABLE ONLY public.messages
    ADD CONSTRAINT messages_sender_id_fkey FOREIGN KEY (sender_id) REFERENCES public.users(id);


--
-- Name: rating rating_artist_fkey; Type: FK CONSTRAINT; Schema: public; Owner: postgres
--

ALTER TABLE ONLY public.rating
    ADD CONSTRAINT rating_artist_fkey FOREIGN KEY (artist) REFERENCES public.artists(artist_id);


--
-- Name: rating rating_rater_id_fkey; Type: FK CONSTRAINT; Schema: public; Owner: postgres
--

ALTER TABLE ONLY public.rating
    ADD CONSTRAINT rating_rater_id_fkey FOREIGN KEY (rater_id) REFERENCES public.users(id);


--
-- Name: ratings ratings_artist_fkey; Type: FK CONSTRAINT; Schema: public; Owner: postgres
--

ALTER TABLE ONLY public.ratings
    ADD CONSTRAINT ratings_artist_fkey FOREIGN KEY (artist) REFERENCES public.artists(artist_id);


--
-- Name: ratings ratings_rater_id_fkey; Type: FK CONSTRAINT; Schema: public; Owner: postgres
--

ALTER TABLE ONLY public.ratings
    ADD CONSTRAINT ratings_rater_id_fkey FOREIGN KEY (rater_id) REFERENCES public.users(id);


--
-- Name: tags tags_artist_id_fkey; Type: FK CONSTRAINT; Schema: public; Owner: postgres
--

ALTER TABLE ONLY public.tags
    ADD CONSTRAINT tags_artist_id_fkey FOREIGN KEY (artist_id) REFERENCES public.artists(artist_id);


--
-- PostgreSQL database dump complete
--

